accx,accy,accz,gyro x,gyro y,gyro z,acc angle x,acc angle y,gyro angle x,gyro angle y,gyro angle z,angle x,angle y,angle z,out
0.64,0.69,-0.3,1.82,-2.39,-0.04,63.65,-59.09,-1.56,65.7,32.91,59.73,-61.9,32.91,1
0.66,0.69,-0.29,-3.45,-2.66,-2.2,61.78,-59.05,-1.88,65.45,32.71,59.45,-62.08,32.71,1
0.67,0.68,-0.31,1.95,2.57,-1.08,62.46,-61.28,-1.7,65.69,32.61,59.69,-61.83,32.61,1
0.65,0.68,-0.31,0.84,1.09,0.54,63.26,-60.22,-1.62,65.8,32.66,59.84,-61.7,32.66,1
0.65,0.69,-0.32,-0.47,0.28,1.39,64.05,-60.85,-1.67,65.82,32.78,59.88,-61.66,32.78,1
0.66,0.7,-0.29,-1.04,-2.22,0.67,62.25,-57.46,-1.76,65.62,32.85,59.84,-61.77,32.85,1
0.65,0.68,-0.29,-0.28,-1.73,-0.3,62.67,-58.7,-1.79,65.46,32.82,59.87,-61.87,32.82,1
0.65,0.68,-0.29,2.15,0.22,0.78,61.81,-58.59,-1.58,65.48,32.89,60.1,-61.78,32.89,1
0.66,0.68,-0.32,0.41,0.3,1.1,63.3,-61.06,-1.55,65.51,32.99,60.21,-61.74,32.99,1
0.66,0.68,-0.3,0.3,1.26,3.64,62.59,-60.17,-1.52,65.62,33.32,60.28,-61.6,33.32,1
0.65,0.68,-0.29,2.33,-2.07,-0.41,62.31,-58.99,-1.31,65.43,33.29,60.53,-61.73,33.29,1
0.63,0.66,-0.28,-0.93,-0.08,0.99,62.4,-58.72,-1.39,65.42,33.38,60.48,-61.68,33.38,1
0.65,0.69,-0.31,2.07,-0.01,1.13,63.76,-59.41,-1.2,65.42,33.49,60.74,-61.63,33.49,1
0.67,0.66,-0.3,-4.02,6.13,4.2,60.11,-62.08,-1.58,65.99,33.88,60.36,-61.08,33.88,1
0.68,0.69,-0.28,1.59,-3.64,-1.88,60.12,-59.22,-1.43,65.66,33.7,60.5,-61.37,33.7,1
0.68,0.67,-0.28,-3.18,-0.65,-0.06,59.23,-59.74,-1.72,65.6,33.7,60.18,-61.4,33.7,1
0.68,0.67,-0.28,-1.13,-6.65,-3.13,59.27,-60,-1.83,64.97,33.4,60.06,-61.99,33.4,1
0.69,0.66,-0.28,1.17,3.86,-2.55,58.39,-60.98,-1.72,65.34,33.16,60.13,-61.61,33.16,1
0.69,0.68,-0.28,-1.27,5.28,2.12,58.78,-59.73,-1.84,65.83,33.36,59.99,-61.09,33.36,1
0.68,0.69,-0.27,1.33,5.38,1.27,59.15,-58.7,-1.72,66.33,33.48,60.09,-60.55,33.48,1
0.66,0.68,-0.31,0.29,1.84,0.15,63.16,-61.01,-1.69,66.49,33.49,60.18,-60.4,33.49,1
0.63,0.72,-0.26,-1.27,-0.97,0.41,63.12,-53.92,-1.8,66.41,33.53,60.13,-60.36,33.53,1
0.62,0.69,-0.28,1.17,-5.46,-2.09,63.85,-56.63,-1.69,65.89,33.33,60.31,-60.78,33.33,1
0.66,0.72,-0.26,-4.11,1.02,0.81,60.98,-55.13,-2.08,65.99,33.41,59.94,-60.58,33.41,1
0.7,0.67,-0.31,0.46,-0.4,-1.48,60.1,-62.53,-2.04,65.95,33.27,59.99,-60.65,33.27,1
0.67,0.68,-0.29,0.69,1,0.31,60.85,-59.75,-1.88,66.13,34.07,60.26,-60.36,34.07,1
0.67,0.66,-0.3,-0.83,2.13,-0.93,60.76,-61.41,-1.95,66.33,33.98,60.19,-60.19,33.98,1
0.65,0.68,-0.28,0.14,-1.88,1.28,61.69,-58.45,-1.94,66.15,34.1,60.24,-60.33,34.1,1
0.65,0.67,-0.28,-0.12,-2.71,0.29,61.1,-58.91,-1.95,65.9,34.13,60.24,-60.54,34.13,1
0.64,0.67,-0.29,1.82,-1.35,0.32,62.36,-59.37,-1.78,65.77,34.16,60.45,-60.65,34.16,1
0.65,0.69,-0.28,0.03,0.76,0.37,62.16,-57.51,-1.78,65.84,34.19,60.49,-60.51,34.19,1
0.65,0.68,-0.3,0.07,-2.4,-0.15,62.92,-59.93,-1.77,65.62,34.18,60.54,-60.72,34.18,1
0.68,0.67,-0.31,-1.24,5.75,0.03,61.1,-61.52,-1.89,66.16,34.18,60.44,-60.21,34.18,1
0.66,0.69,-0.3,-3.25,2.41,-0.44,62.3,-59.76,-2.19,66.38,34.14,60.18,-59.98,34.14,1
0.71,0.67,-0.29,-1.74,4.82,-1.89,57.73,-61.72,-2.35,66.84,33.97,59.97,-59.57,33.97,1
0.71,0.66,-0.31,-0.98,-0.33,-1.22,58.58,-63.81,-2.44,66.81,33.85,59.86,-59.68,33.85,1
0.66,0.69,-0.29,-0.87,0.02,-1.52,61.44,-58.59,-2.53,66.81,33.71,59.81,-59.66,33.71,1
0.67,0.69,-0.3,-2.7,-1.69,-0.43,62.35,-60.11,-2.78,66.65,33.67,59.61,-59.82,33.67,1
0.68,0.68,-0.27,1.05,-1.2,-1.36,58.59,-58.64,-2.68,66.54,33.54,59.69,-59.91,33.54,1
0.69,0.69,-0.29,0.27,1.31,0.14,59.99,-59.75,-2.65,66.66,33.55,59.72,-59.79,33.55,1
0.67,0.7,-0.3,-0.03,-0.8,1.71,62.01,-59.33,-2.65,66.59,33.71,59.76,-59.85,33.71,1
0.67,0.69,-0.29,-0.41,1.03,0.15,61.01,-59.54,-2.69,66.68,33.72,59.75,-59.75,33.72,1
0.64,0.66,-0.3,0.73,-1.17,-1.11,62.94,-60.13,-2.63,66.58,33.62,59.88,-59.86,33.62,1
0.64,0.7,-0.29,-1.19,-6.57,-0.52,63.55,-57.58,-2.74,65.96,33.57,59.84,-60.42,33.57,1
0.65,0.66,-0.29,0.61,-7.09,-3.07,61.46,-60.29,-2.68,65.29,33.28,59.93,-61.07,33.28,1
0.66,0.68,-0.31,0.76,-6.92,-2.07,62.57,-60.31,-2.61,64.65,33.09,60.05,-61.69,33.09,1
0.65,0.68,-0.31,0.36,-2.2,0.86,63.58,-60.5,-2.58,64.44,33.17,60.16,-61.87,33.17,1
0.67,0.69,-0.28,0.4,1.12,1.83,61.16,-58.39,-2.54,64.55,33.34,60.21,-61.7,33.34,1
0.67,0.68,-0.3,1.8,2.97,3.27,61.47,-60.31,-2.37,64.82,33.64,60.4,-61.4,33.64,1
0.69,0.7,-0.26,2.32,2.77,1.77,58.3,-57.64,-2.16,65.07,33.8,60.57,-61.08,33.8,1
0.65,0.68,-0.32,1.92,2.99,0.44,63.91,-60.84,-1.99,65.34,33.84,60.8,-60.81,33.84,1
0.66,0.68,-0.31,0.76,-6.92,-2.07,62.57,-60.31,-2.61,64.65,33.09,60.05,-61.69,33.09,1
0.65,0.68,-0.31,0.36,-2.2,0.86,63.58,-60.5,-2.58,64.44,33.17,60.16,-61.87,33.17,1
0.67,0.69,-0.28,0.4,1.12,1.83,61.16,-58.39,-2.54,64.55,33.34,60.21,-61.7,33.34,1
0.67,0.68,-0.3,1.8,2.97,3.27,61.47,-60.31,-2.37,64.82,33.64,60.4,-61.4,33.64,1
0.69,0.7,-0.26,2.32,2.77,1.77,58.3,-57.64,-2.16,65.07,33.8,60.57,-61.08,33.8,1
0.65,0.68,-0.32,1.92,2.99,0.44,63.91,-60.84,-1.99,65.34,33.84,60.8,-60.81,33.84,1
0.66,0.7,-0.27,-0.55,-1.52,1.53,60.99,-56.53,-2.04,65.2,33.98,60.76,-60.86,33.98,1
0.64,0.7,-0.28,0.82,-0.92,-1.25,62.39,-56.39,-1.96,65.12,33.86,60.87,-60.85,33.86,1
0.65,0.69,-0.3,-1.3,-0.36,0.69,62.65,-58.98,-2.08,65.09,33.93,60.78,-60.85,33.93,1
0.68,0.7,-0.29,-1.35,0.09,1.35,60.77,-58.65,-2.21,65.09,34.06,60.66,-60.79,34.06,1
0.66,0.67,-0.32,0.09,0.89,1.57,63.34,-61.4,-2.2,65.18,34.2,60.72,-60.73,34.2,1
0.67,0.69,-0.29,-2.47,-0.6,-0.23,61.21,-59.47,-2.43,65.12,34.18,60.51,-60.75,34.18,1
0.68,0.69,-0.3,2.81,-0.25,1.67,61.36,-60.22,-2.16,65.1,34.34,60.79,-60.77,34.34,1
0.65,0.69,-0.29,-0.26,-1.69,1.48,62.75,-58.77,-2.19,64.94,34.47,60.8,-60.88,34.47,1
0.62,0.69,-0.29,1.07,-1.17,2.23,64.02,-57.55,-2.09,64.83,34.68,60.96,-60.92,34.68,1
0.64,0.69,-0.3,-2.41,-1.18,-1.89,63.34,-58.63,-2.31,64.72,34.51,60.79,-60.98,34.51,1
0.66,0.69,-0.29,-0.15,-5.01,-2.52,61.6,-58.82,-2.33,64.25,34.27,60.79,-61.41,34.27,1
0.68,0.68,-0.31,-1.01,-3.27,-2.14,61.35,-61.4,-2.42,63.94,34.07,60.71,-61.71,34.07,1
0.65,0.69,-0.32,-4.2,-3.33,-1.65,64.53,-60.43,-2.82,63.63,33.91,60.4,-61.99,33.91,1
0.6,0.69,-0.28,1.04,-2.45,1.79,64.8,-55.24,-2.72,63.39,34.08,60.59,-62.08,34.08,1
0.69,0.7,-0.22,1.69,-1.82,-6.35,56.02,-55.37,-2.56,63.22,33.49,60.65,-62.11,33.49,1
0.63,0.68,-0.26,0.09,4.25,-3.2,60.93,-56.27,-2.55,63.62,33.19,60.66,-61.6,33.19,1
0.62,0.69,-0.34,4.87,2.36,-0.29,67.95,-60.3,-2.1,63.84,33.16,61.25,-61.37,33.16,1
0.66,0.67,-0.3,-2.22,-0.33,0.7,61.53,-60.31,-2.31,63.81,33.23,61.05,-61.37,33.23,1
0.65,0.71,-0.34,2.26,-4.72,-3.17,66.73,-60.58,-2.1,63.37,32.93,61.37,-61.79,32.93,1
0.66,0.68,-0.31,-2.81,1.78,1.27,62.46,-61.06,-2.36,63.53,33.05,61.14,-61.61,33.05,1
0.66,0.71,-0.31,2.33,0.19,-0.93,64.39,-58.81,-2.14,63.55,32.96,61.41,-61.54,32.96,1
0.67,0.69,-0.32,-3.09,0.62,1.97,62.78,-61.55,-2.43,63.61,33.15,61.16,-61.48,33.15,1
0.68,0.7,-0.31,0.96,0.31,0.69,62.36,-60.45,-2.34,63.64,33.21,61.27,-61.44,33.21,1
0.66,0.69,-0.31,-1.77,0.93,1.79,62.97,-60,-2.5,63.72,33.37,61.15,-61.32,33.37,1
0.66,0.67,-0.31,0.82,3.6,0.52,62.69,-61.34,-2.43,64.05,33.42,61.25,-61,33.42,1
0.67,0.68,-0.29,0.06,0.48,0.29,61,-59.93,-2.42,64.1,33.45,61.25,-60.93,33.45,1
0.69,0.69,-0.35,0.75,-1.41,-1.05,63.13,-63.89,-2.35,63.97,33.35,61.36,-61.12,33.35,1
0.68,0.68,-0.3,-3.83,3.03,2.58,60.69,-60.33,-2.71,64.25,33.59,60.99,-60.83,33.59,1
0.66,0.7,-0.3,3.54,8.1,4.52,62.55,-59.11,-2.38,65.01,34.01,61.35,-60.05,34.01,1
0.66,0.68,-0.31,2.61,5.87,1.76,63.23,-60.64,-2.14,65.54,34.17,61.62,-59.54,34.17,1
0.63,0.68,-0.3,0.41,-0.42,0.26,64.21,-58.67,-2.1,65.5,34.2,61.71,-59.56,34.2,1
0.64,0.69,-0.31,-1.5,2.33,0.61,64.11,-59.16,-2.24,65.72,34.25,61.62,-59.34,34.25,1
0.68,0.68,-0.31,0.7,8.54,-2.24,61.57,-61.32,-2.18,66.51,34.04,61.68,-58.6,34.04,1
0.7,0.67,-0.34,-3.56,-0.28,1.27,61.33,-64.7,-2.51,66.49,34.16,61.35,-58.75,34.16,1
0.68,0.67,-0.31,-0.51,2.54,1.19,61.06,-62.02,-2.55,66.72,34.27,61.3,-58.59,34.27,1
0.68,0.68,-0.3,-3.12,-1.14,-0.18,61.05,-60.98,-2.84,66.62,34.26,61.01,-58.74,34.26,1
0.68,0.65,-0.29,-3.39,-2.95,-2.7,59.58,-61.94,-3.16,66.34,34,60.67,-59.07,34,1
0.69,0.66,-0.31,-1.19,2.79,-1.33,59.71,-62.71,-3.27,66.6,33.88,60.54,-58.89,33.88,1
0.68,0.68,-0.29,0.95,3.7,-0.78,60.26,-60.45,-3.18,66.95,33.8,60.62,-58.58,33.8,1
0.66,0.69,-0.29,-1.91,1.48,0.4,61.63,-58.63,-3.36,67.09,33.84,60.47,-58.44,33.84,1
0.65,0.68,-0.3,-0.18,-0.22,-0.56,62.85,-59.5,-3.38,67.07,33.79,60.5,-58.48,33.79,1
0.64,0.7,-0.29,1.57,2.91,2.26,63.24,-57.49,-3.23,67.34,34,60.7,-58.2,34,1
0.65,0.69,-0.28,-1.05,5.58,2.78,61.92,-57.22,-3.33,67.86,34.26,60.63,-57.67,34.26,1
0.69,0.7,-0.27,-0.32,0.51,-0.04,58.78,-57.87,-3.36,67.9,34.25,60.57,-57.63,34.25,1
0.7,0.68,-0.31,-1.5,-2.45,-0.46,60.78,-62.01,-3.5,67.68,34.21,60.43,-57.94,34.21,1
0.72,0.68,-0.31,-3.09,-1.58,-1.92,58.4,-62.63,-3.79,67.53,34.03,60.11,-58.18,34.03,1
0.71,0.69,-0.3,-0.25,1.9,0.14,59.27,-61.17,-3.81,67.71,34.04,60.07,-58.07,34.04,1
0.7,0.68,-0.28,-0.61,5.15,2.66,58.5,-60.42,-3.87,68.18,34.29,59.98,-57.65,34.29,1
0.69,0.7,-0.29,2.12,2.76,1.48,60.13,-59.4,-3.67,68.44,34.43,60.18,-57.43,34.43,1
0.66,0.69,-0.29,1.19,2.91,2.31,61.67,-59.51,-3.56,68.7,34.64,60.32,-57.21,34.64,1
0.67,0.68,-0.29,2.65,1.54,1.93,60.7,-59.33,-3.32,68.84,34.81,60.56,-57.12,34.81,1
0.68,0.69,-0.28,0.9,0.83,-0.64,60.02,-58.75,-3.23,68.92,34.75,60.63,-57.07,34.75,1
0.65,0.68,-0.32,-1.96,-0.4,-1.16,63.76,-61.04,-3.41,68.88,34.65,60.52,-57.19,34.65,1
0.67,0.69,-0.27,-0.23,-1.56,-1.78,59.98,-57.86,-3.44,68.74,34.48,60.49,-57.35,34.48,1
0.65,0.68,-0.31,-1.91,-1.59,-0.49,63.62,-60.48,-3.62,68.58,34.43,60.37,-57.56,34.43,1
0.72,0.68,-0.28,-0.35,2.18,0.77,56.97,-60.92,-3.65,68.79,34.5,60.27,-57.43,34.5,1
0.7,0.68,-0.29,-1.67,-2.91,-0.62,59.27,-60.77,-3.8,68.52,34.45,60.1,-57.75,34.45,1
0.67,0.69,-0.3,1.49,0.59,2.63,61.59,-60.12,-3.66,68.58,34.69,60.27,-57.75,34.69,1
0.66,0.66,-0.29,-1.33,0.28,2.78,60.84,-60.29,-3.79,68.6,34.95,60.16,-57.77,34.95,1
0.66,0.71,-0.28,0.76,-0.37,0.75,61.48,-56.92,-3.71,68.57,35.02,60.25,-57.79,35.02,1
0.65,0.67,-0.29,-0.8,4.89,1.73,61.12,-59.86,-3.79,69.02,35.18,60.2,-57.39,35.18,1
0.63,0.69,-0.24,1.8,-1.49,-0.2,60.76,-54.84,-3.62,68.88,35.16,60.38,-57.47,35.16,1
0.62,0.67,-0.28,-1.62,-4.43,-1.39,63.53,-57.33,-3.77,68.47,35.03,60.29,-57.88,35.03,1
0.64,0.66,-0.29,-0.06,-2.86,-2.1,62.09,-59.77,-3.78,68.2,34.83,60.32,-58.18,34.83,1
0.65,0.68,-0.27,-0.8,-3.85,0.46,60.72,-57.52,-3.85,67.83,34.87,60.25,-58.53,34.87,1
0.72,0.66,-0.31,-3.74,2.09,-0.32,57.73,-63.85,-4.91,66.18,33.86,59.3,-60.26,33.86,1
0.66,0.67,-0.3,4.59,-1.36,-0.41,61.67,-61.17,-4.48,66.05,33.82,59.77,-60.4,33.82,1
0.67,0.67,-0.3,-1.7,7.29,2.84,61.59,-61.44,-4.64,66.73,34.08,59.65,-59.76,34.08,1
0.67,0.66,-0.31,2.23,2.5,1.94,61.58,-62.52,-4.43,66.96,34.26,59.89,-59.59,34.26,1
0.64,0.68,-0.29,0.01,-2.37,1.35,62.88,-58.9,-4.43,66.74,34.39,59.95,-59.79,34.39,1
0.62,0.68,-0.29,-1.35,-6.6,-1.22,63.9,-58.11,-4.56,66.14,34.28,59.91,-60.35,34.28,1
0.64,0.67,-0.28,-0.89,-4.45,-2.59,61.91,-58.35,-4.64,65.72,34.03,59.87,-60.72,34.03,1
0.63,0.68,-0.28,0.21,-3.35,-0.78,62.55,-57.99,-4.62,65.4,33.96,59.94,-60.97,33.96,1
0.68,0.68,-0.28,1.65,-1.56,-0.38,59.44,-59.8,-4.46,65.26,33.92,60.08,-61.09,33.92,1
0.71,0.67,-0.29,0.2,1.29,-0.59,57.97,-62.1,-4.45,65.38,33.87,60.06,-60.99,33.87,1
0.71,0.64,-0.29,1.98,3.35,-0.82,56.57,-63.85,-4.26,65.69,33.79,60.17,-60.75,33.79,1
0.69,0.67,-0.26,-0.26,-1.53,-1.57,57.67,-59.59,-4.28,65.55,33.65,60.1,-60.86,33.65,1
0.65,0.66,-0.31,-1.6,-5.14,-2.98,62.98,-61.83,-4.44,65.07,33.37,60.01,-61.35,33.37,1
0.69,0.68,-0.28,-5.24,0.09,-1.16,58.28,-59.89,-4.93,65.07,33.26,59.49,-61.32,33.26,1
0.68,0.66,-0.28,1.63,-5.93,-2.47,58.6,-60.6,-4.78,64.52,33.02,59.62,-61.85,33.02,1
0.69,0.67,-0.31,-2.22,0.13,0.48,60.32,-62.27,-4.99,64.53,33.07,59.43,-61.84,33.07,1
0.69,0.67,-0.3,0.32,-2.52,-0.03,59.41,-61.84,-4.96,64.3,33.07,59.46,-62.07,33.07,1
0.69,0.69,-0.28,-0.93,-0.59,0.86,59.81,-59.21,-5.05,64.24,33.15,59.38,-62.07,33.15,1
0.72,0.69,-0.28,0.56,-0.86,-1.69,57.44,-60.6,-4.99,64.16,32.99,59.39,-62.12,32.99,1
0.7,0.68,-0.27,1.25,1.86,0.98,57.83,-60.13,-4.88,64.34,33.08,59.47,-61.91,33.08,1
0.67,0.68,-0.31,-0.41,8.1,1.09,61.87,-60.64,-4.92,65.09,33.18,59.48,-61.14,33.18,1
0.7,0.67,-0.29,-1.21,6.39,1.38,58.89,-61.48,-5.03,65.68,33.31,59.36,-60.57,33.31,1
0.67,0.68,-0.29,0.56,-2.65,1.97,60.49,-59.97,-4.97,65.43,33.49,59.44,-60.8,33.49,1
0.65,0.68,-0.29,-1.24,-3.88,0.84,62.02,-58.88,-5.09,65.07,33.57,59.37,-61.12,33.57,1
0.68,0.66,-0.27,0.84,-5.49,-0.41,58.53,-59.91,-5.01,64.56,33.53,59.43,-61.59,33.53,1
0.67,0.68,-0.29,-1.93,-3.75,-0.75,60.75,-59.74,-5.19,64.21,33.46,59.28,-61.9,33.46,1
0.7,0.69,-0.26,-0.73,-3.76,-1.6,57.5,-58.84,-5.26,63.85,33.31,59.18,-62.19,33.31,1
0.69,0.68,-0.27,0.3,1.93,2.55,58.18,-59.96,-5.39,63.69,33.36,58.97,-62.26,33.36,1
0.67,0.67,-0.28,-1.05,0.94,-0.56,59.49,-59.76,-5.49,63.78,33.31,58.89,-62.13,33.31,1
0.69,0.67,-0.28,-0.14,-2.4,-0.26,58.61,-60.82,-5.5,63.55,33.29,58.87,-62.32,33.29,1
0.7,0.67,-0.29,0.41,-1.33,-2.09,58.52,-61.81,-5.46,63.43,33.09,58.9,-62.43,33.09,1
0.71,0.66,-0.31,-3.59,-0.88,-1.43,58.57,-63.56,-5.79,63.35,32.96,58.57,-62.53,32.96,1
0.72,0.68,-0.28,-1.54,-4.14,-1.63,57.25,-60.85,-5.94,62.95,32.8,58.4,-62.89,32.8,1
0.72,0.66,-0.29,-0.29,3.8,-0.41,56.87,-63,-5.97,63.31,32.76,58.34,-62.54,32.76,1
0.69,0.67,-0.28,1.72,4.8,0.86,58.35,-60.21,-5.81,63.75,32.84,58.5,-62.06,32.84,1
0.68,0.66,-0.3,-0.32,2.65,0.86,60.58,-62.27,-5.84,63.99,32.92,58.51,-61.83,32.92,1
0.68,0.68,-0.3,-0.44,3.23,0.44,60.87,-60.99,-5.88,64.29,32.96,58.52,-61.52,32.96,1
0.69,0.68,-0.28,0.32,0.16,-0.06,59.37,-59.69,-5.85,64.31,32.96,58.56,-61.47,32.96,1
0.65,0.7,-0.27,1.66,-1.14,2.28,60.91,-56.62,-5.7,64.2,33.17,58.76,-61.47,33.17,1
0.65,0.69,-0.28,2.03,-0.63,1.9,61.45,-57.77,-5.51,64.14,33.34,59,-61.46,33.34,1
0.67,0.67,-0.29,1.01,1.73,0.05,60.74,-60.45,-5.42,64.3,33.35,59.12,-61.28,33.35,1
0.67,0.69,-0.28,-1.33,5.12,0.26,60.81,-58.46,-5.54,64.77,33.37,59.04,-60.77,33.37,1
0.67,0.68,-0.29,0.27,-2.81,0,61.09,-59.73,-5.51,64.51,33.37,59.1,-61,33.37,1
0.65,0.68,-0.28,-0.83,-1.75,0.2,61.8,-58.64,-5.59,64.35,33.39,59.08,-61.11,33.39,1
0.65,0.69,-0.29,0.23,-1.26,-0.3,61.83,-58.48,-5.57,64.23,33.36,59.16,-61.18,33.36,1
0.7,0.68,-0.28,-0.93,1.31,-1.57,58.36,-60.49,-5.65,64.35,33.22,59.06,-61.04,33.22,1
0.68,0.69,-0.29,-0.09,-3.01,-0.36,60.48,-59.42,-5.66,64.07,33.18,59.08,-61.29,33.18,1
0.68,0.67,-0.29,-0.11,-2.72,-1.63,59.78,-60.59,-5.67,63.81,33.03,59.08,-61.52,33.03,1
0.68,0.68,-0.29,0.01,-3.82,-1.28,59.95,-60.12,-5.67,63.45,32.91,59.1,-61.85,32.91,1
0.7,0.68,-0.28,-0.76,-0.66,0.95,58.07,-60.1,-5.74,63.39,33,59.01,-61.87,33,1
0.67,0.66,-0.28,2.15,1.49,1.8,59.62,-60.64,-5.54,63.53,33.16,59.22,-61.71,33.16,1
0.65,0.65,-0.28,1.57,1.66,1.24,60.48,-59.82,-5.4,63.68,33.28,59.38,-61.53,33.28,1
0.66,0.7,-0.26,0.72,-4.65,0.22,60.25,-56.32,-5.33,63.25,33.3,59.47,-61.84,33.3,1
0.67,0.68,-0.29,0.14,-7.24,-0.24,60.46,-59.7,-5.32,62.58,33.27,59.5,-62.45,33.27,1
0.74,0.66,-0.31,1.6,3.02,-0.91,56.28,-64.64,-5.17,62.87,33.19,59.58,-62.22,33.19,1
0.72,0.66,-0.29,1.77,-0.81,1.28,57.32,-62.7,-4.97,61.28,33.39,59.66,-63.53,33.39,1
0.7,0.65,-0.27,1.69,7.02,2.34,56.8,-61.86,-4.81,61.93,33.61,59.76,-62.87,33.61,1
0.66,0.67,-0.27,1.1,5.66,1.94,59.24,-58.82,-4.71,62.45,33.79,59.85,-62.28,33.79,1
0.65,0.66,-0.28,-0.05,1.23,-0.17,60.19,-59.53,-4.71,62.56,33.77,59.85,-62.11,33.77,1
0.68,0.68,-0.26,-0.57,-4.05,-1.85,58.19,-58.58,-4.77,62.19,33.6,59.76,-62.41,33.6,1
0.69,0.68,-0.31,-1.83,-5.91,-2.36,60.48,-61.97,-4.94,61.62,33.38,59.61,-62.95,33.38,1
0.69,0.68,-0.27,-0.84,-5.27,-1.92,58.42,-59.58,-5.02,61.12,33.19,59.51,-63.38,33.19,1
0.68,0.67,-0.29,-1.7,-7.38,-3.2,59.86,-60.48,-5.18,60.42,32.89,59.35,-64.01,32.89,1
0.71,0.68,-0.29,-2.89,-8.54,-4.75,57.86,-61.64,-5.45,59.62,32.44,59.06,-64.74,32.44,1
0.71,0.7,-0.28,-2.29,-7.46,-3.57,58.63,-59.54,-5.67,58.92,32.11,58.84,-65.33,32.11,1
0.69,0.65,-0.29,0.26,6.28,3.9,58.58,-62.49,-5.65,59.51,32.47,58.86,-64.69,32.47,1
0.68,0.67,-0.26,1.01,3.44,1.19,57.65,-59.37,-5.55,59.83,32.58,58.92,-64.27,32.58,1
0.69,0.66,-0.31,-0.81,2.45,0.55,60.68,-63.23,-5.63,60.05,32.63,58.89,-64.03,32.63,1
0.71,0.67,-0.29,0.72,2.06,-0.35,57.55,-62.1,-5.56,60.24,32.6,58.92,-63.81,32.6,1
0.69,0.66,-0.32,0.18,-0.02,3.15,60.49,-63.37,-5.54,60.24,32.89,58.97,-63.8,32.89,1
0.65,0.7,-0.26,0.47,1.43,1.88,60.51,-55.7,-5.5,60.37,33.06,59.05,-63.51,33.06,1
0.64,0.69,-0.28,-0.6,-1.87,0.69,62.38,-57.35,-5.56,60.2,33.13,59.06,-63.55,33.13,1
0.67,0.68,-0.28,-2.75,-2.65,-3.28,60.83,-59.09,-5.82,59.95,32.81,58.84,-63.71,32.81,1
0.7,0.7,-0.28,-3.22,-4.95,-2.46,58.81,-58.62,-6.12,59.48,32.58,58.54,-64.07,32.58,1
0.69,0.69,-0.29,0.04,-7.38,-4.03,59.91,-59.67,-6.12,58.79,32.21,58.57,-64.66,32.21,1
0.72,0.69,-0.29,2.26,2.25,1.82,58.08,-61.15,-5.91,59,32.37,58.77,-64.38,32.37,1
0.7,0.71,-0.31,-0.96,-0.94,1.04,61.2,-60.39,-5.99,58.91,32.47,58.73,-64.39,32.47,1
0.66,0.71,-0.27,0.18,4.01,1.62,61.04,-56.16,-5.98,59.29,32.62,58.79,-63.85,32.62,1
0.63,0.68,-0.29,-0.4,0.94,0.58,63.35,-58.03,-6.01,59.38,32.68,58.85,-63.65,32.68,1
0.65,0.68,-0.26,0.88,0.86,-0.55,60.57,-57.44,-5.93,59.46,32.63,58.96,-63.45,32.63,1
0.65,0.69,-0.29,-1.64,-4.54,-3.6,62.22,-58.31,-6.08,59.04,32.29,58.88,-63.75,32.29,1
0.67,0.7,-0.28,-2.55,-10.97,-1.65,61.24,-57.94,-6.32,58.01,32.14,58.69,-64.65,32.14,1
0.68,0.71,-0.29,-0.84,-3.75,-2.06,61.15,-58.68,-6.4,57.65,31.94,58.66,-64.88,31.94,1
0.7,0.68,-0.3,-3.07,-5.26,-2,59.36,-61.73,-6.69,57.15,31.75,58.39,-65.3,31.75,1
0.71,0.69,-0.28,-1.56,-5.84,-0.64,57.74,-59.99,-6.84,56.6,31.69,58.24,-65.74,31.69,1
0.7,0.67,-0.31,-1.62,-2.52,-0.87,59.65,-62.59,-6.99,56.37,31.61,58.12,-65.91,31.61,1
0.69,0.67,-0.3,-0.92,-1.72,-0.15,59.64,-61.65,-7.08,56.21,31.6,58.06,-65.98,31.6,1
0.65,0.68,-0.29,-2.22,-1.69,-0.21,61.93,-59.46,-7.29,56.04,31.58,57.93,-66.01,31.58,1
0.69,0.67,-0.29,0.07,-3.7,-2.75,59.43,-61.04,-7.28,55.7,31.32,57.97,-66.25,31.32,1
0.66,0.7,-0.29,-0.22,-0.4,0.58,61.85,-58.12,-7.3,55.66,31.37,58.03,-66.12,31.37,1
0.65,0.66,-0.31,-1.79,-4.11,-1.62,62.71,-61.97,-7.47,55.28,31.22,57.96,-66.41,31.22,1
0.66,0.68,-0.32,-3.7,-5.49,-2.7,63.86,-61.52,-7.82,54.76,30.97,57.73,-66.82,30.97,1
0.69,0.68,-0.3,0.18,-3.44,-1.45,60.53,-60.94,-7.8,54.43,30.83,57.81,-67.03,30.83,1
0.72,0.67,-0.3,-1.96,2.21,-0.99,57.91,-62.66,-7.98,54.64,30.74,57.63,-66.74,30.74,1
0.68,0.68,-0.29,2.95,8.5,3.48,59.9,-60.19,-7.7,55.44,31.07,57.95,-65.82,31.07,1
0.64,0.69,-0.29,1.37,8.93,3.61,63.09,-58.56,-7.58,56.25,31.39,58.17,-64.88,31.39,1
0.65,0.69,-0.26,5.36,2.53,1.12,60.63,-56.87,-7.09,56.48,31.5,58.7,-64.5,31.5,1
0.65,0.69,-0.27,2.18,6.94,2.35,60.71,-57.33,-6.89,57.11,31.71,58.93,-63.73,31.71,1
0.62,0.67,-0.3,2.69,-2.78,2.06,64.96,-58.65,-6.65,56.86,31.9,59.3,-63.88,31.9,1
0.62,0.69,-0.29,-1.53,-3.73,-1.62,64.47,-56.97,-6.79,56.51,31.75,59.26,-64.08,31.75,1
0.64,0.68,-0.31,-3.22,-4.43,-1.74,63.93,-60.01,-7.09,56.09,31.59,59.06,-64.41,31.59,1
0.66,0.7,-0.27,-0.6,0.25,-1.42,60.68,-56.4,-7.15,56.12,31.45,59.04,-64.23,31.45,1
0.71,0.7,-0.31,-0.35,-4.37,0.4,60.12,-61.14,-7.18,55.71,31.49,59.02,-64.56,31.44,1
0.71,0.69,-0.29,2.46,3.41,1.74,58.5,-61.01,-6.95,56.03,31.65,59.24,-64.18,31.65,1
0.67,0.68,-0.3,2.58,6.82,0.95,61.24,-60.7,-6.71,56.66,31.74,59.51,-63.49,31.74,1
0.65,0.66,-0.31,0.43,6.64,-0.06,62.76,-61.61,-6.67,57.26,31.74,59.62,-62.87,31.74,1
0.63,0.67,-0.33,-4.66,-0.52,-4.15,65.93,-62.04,-7.1,57.21,31.35,59.32,-62.9,31.35,1
0.68,0.66,-0.31,-2.52,-1.52,-1.57,60.5,-62.44,-7.34,57.07,31.2,59.11,-63.03,31.2,1
0.68,0.68,-0.31,-2.87,1.98,0.37,61.78,-61.09,-7.61,57.26,31.24,58.9,-62.81,31.24,1
0.64,0.69,-0.29,-0.76,-2.81,-0.2,63.48,-58.06,-7.69,56.99,31.22,58.92,-62.97,31.22,1
0.65,0.69,-0.29,1.46,3.75,0.99,62.41,-58.75,-7.55,57.35,31.31,59.12,-62.54,31.31,1
0.65,0.68,-0.29,1.77,1.35,-0.17,61.98,-58.6,-7.39,57.47,31.3,59.34,-62.34,31.3,1
0.66,0.69,-0.3,0.43,-3.3,0.15,62.72,-59.7,-7.35,57.16,31.31,59.45,-62.59,31.31,1
0.69,0.68,-0.3,-0.47,-0.02,-1.31,60.78,-61.22,-7.39,57.16,31.19,59.43,-62.56,31.19,1
0.67,0.68,-0.31,-0.69,-1.65,0.32,61.68,-61.01,-7.46,57,31.22,59.41,-62.69,31.22,1
0.68,0.68,-0.32,3.57,-0.51,2.41,61.79,-62.39,-7.12,56.95,31.45,59.78,-62.73,31.45,1
0.69,0.64,-0.34,-1.45,-2.3,-0.24,61.72,-66.62,-7.26,56.74,31.43,59.69,-63.01,31.43,1
0.65,0.68,-0.29,0.78,3,3.32,62.09,-59.54,-7.18,57.03,31.74,59.81,-62.66,31.74,1
0.62,0.68,-0.29,-0.41,-1.87,0.99,64.28,-57.74,-7.22,56.86,31.83,59.86,-62.73,31.83,1
0.64,0.69,-0.29,0.09,-7.62,-1.17,63.01,-57.65,-7.21,56.13,31.72,59.93,-63.34,31.72,1
0.7,0.65,-0.34,-0.44,0.47,-1.6,61.02,-66.54,-7.25,56.18,31.57,59.92,-63.36,31.57,1
0.72,0.67,-0.32,3.02,6.15,0.9,59.39,-64.38,-6.97,56.75,31.66,60.18,-62.82,31.66,1
0.66,0.68,-0.32,0.27,4.83,1.73,63.71,-61.67,-6.95,57.19,31.81,60.28,-62.37,31.81,1
0.66,0.68,-0.3,-1.83,1.28,-0.96,62,-60.45,-7.12,57.31,31.73,60.15,-62.21,31.73,1
0.66,0.68,-0.28,-0.81,4.18,0.22,61.23,-58.85,-7.56,58.04,31.73,59.86,-61.26,31.73,1
0.66,0.67,-0.3,-1.39,0.41,-2.17,61.57,-60.36,-7.69,58.08,31.53,59.76,-61.21,31.53,1
0.69,0.67,-0.31,1.77,-2.95,-0.17,60.63,-62.06,-7.53,57.8,31.51,59.94,-61.49,31.51,1
0.68,0.69,-0.29,0.82,3.66,0,60.79,-59.94,-7.45,58.15,31.51,60.03,-61.13,31.51,1
0.65,0.67,-0.31,1.94,4.24,3.18,63.36,-60.99,-7.28,58.53,31.8,60.27,-60.74,31.8,1
0.64,0.66,-0.31,0.59,3.17,-0.03,63.49,-60.84,-7.22,58.82,31.8,60.39,-60.46,31.8,1
0.63,0.67,-0.3,0.73,2.13,-2.62,63.32,-59.15,-7.15,59.02,31.56,60.52,-60.24,31.56,1
0.67,0.67,-0.32,-2.31,-0.43,-3.01,62.69,-62.39,-7.36,58.98,31.28,60.35,-60.32,31.28,1
0.7,0.68,-0.32,-0.76,-0.51,-0.88,61,-62.6,-7.44,58.93,31.2,60.29,-60.41,31.2,1
0.69,0.68,-0.33,-2.8,-0.92,-0.58,62.13,-63.14,-7.7,58.85,31.14,60.07,-60.55,31.14,1
0.68,0.68,-0.32,-1.82,-5.76,-0.41,62.21,-61.72,-7.87,58.3,31.1,59.95,-61.11,31.1,1
0.68,0.68,-0.33,-0.17,-3.85,-1.16,62.45,-63.24,-7.89,57.93,30.99,59.98,-61.52,30.99,1
0.71,0.66,-0.32,0.17,0.89,0.02,59.18,-64.37,-7.87,58.02,30.99,59.98,-61.49,30.99,1
0.69,0.67,-0.32,4.33,3.19,2.55,61.65,-62.78,-7.47,58.31,31.23,60.41,-61.23,31.23,1
0.65,0.68,-0.29,0.91,4.62,3.21,62.47,-58.99,-7.39,58.73,31.52,60.53,-60.77,31.52,1
0.63,0.68,-0.31,-1.7,-1.59,-0.67,64.91,-59.57,-7.54,58.59,31.46,60.46,-60.89,31.46,1
0.68,0.67,-0.29,-0.49,-1.56,-1.8,59.85,-60.86,-7.59,58.44,31.29,60.41,-61.04,31.29,1
0.69,0.66,-0.31,1.25,1.09,0.49,60.39,-63.05,-7.47,58.54,31.33,60.52,-60.98,31.33,1
0.69,0.69,-0.28,0.7,5.54,3.77,59.36,-59.44,-7.41,59.05,31.68,60.56,-60.45,31.68,1
0.67,0.66,-0.3,4.62,0.35,0.14,61.03,-61.18,-6.99,59.08,31.69,60.98,-60.43,31.69,1
0.64,0.67,-0.28,1.36,1.6,2.44,62.17,-58.82,-6.87,59.23,31.92,61.13,-60.25,31.92,1
0.64,0.66,-0.33,1.27,-0.83,-2.15,64.43,-62.6,-6.75,59.15,31.72,61.31,-60.38,31.72,1
0.67,0.66,-0.32,-0.09,-2.54,-2.06,62.13,-63.16,-6.76,58.91,31.52,61.32,-60.67,31.52,1
0.68,0.67,-0.33,-2.25,-1.76,-0.33,62,-63.69,-6.97,58.75,31.49,61.12,-60.89,31.49,1
0.66,0.66,-0.33,-2.2,-2.62,0.48,63.08,-63.01,-7.18,58.5,31.54,60.96,-61.17,31.54,1
0.65,0.66,-0.33,0.58,0.59,-0.58,64.28,-63.31,-7.12,58.55,31.48,61.08,-61.16,31.48,1
0.69,0.68,-0.31,-3.1,-1.87,-1.52,61.04,-61.68,-7.41,58.38,31.34,60.79,-61.34,31.34,1
0.69,0.66,-0.34,0.32,-2.45,-0.56,61.69,-65.25,-7.38,58.15,31.29,60.84,-61.65,31.29,1
0.69,0.68,-0.33,-3.47,-1.17,0.34,62.11,-62.58,-7.71,58.04,31.32,60.55,-61.77,31.32,1
0.68,0.68,-0.3,0.96,3.4,2.51,60.8,-60.8,-7.62,58.35,31.55,60.64,-61.44,31.55,1
0.68,0.66,-0.34,-0.76,4.86,0.52,62.9,-64.3,-7.69,58.8,31.6,60.62,-61.07,31.6,1
0.7,0.66,-0.32,-0.6,3.66,-0.84,60.38,-64.34,-7.74,59.14,31.52,60.56,-60.8,31.52,1
0.64,0.67,-0.32,2.7,-0.42,3.25,64.9,-61.15,-7.49,59.1,31.83,60.89,-60.85,31.83,1
0.63,0.67,-0.32,1.43,0.5,3.51,65.23,-60.93,-7.36,59.14,32.15,61.11,-60.8,32.15,1
0.6,0.69,-0.29,2.2,-0.07,1.45,65.74,-56.51,-7.16,59.14,32.28,61.4,-60.72,32.28,1
0.64,0.67,-0.3,0.72,-7.9,-0.91,62.84,-59.95,-7.09,58.41,32.2,61.49,-61.42,32.2,1
0.68,0.7,-0.27,0.18,-9.06,0.09,59.56,-58.17,-7.07,57.56,32.21,61.47,-62.19,32.21,1
0.65,0.67,-0.31,5.86,-0.19,2.98,63.33,-61.27,-6.53,57.54,32.48,62.04,-62.19,32.48,1
0.66,0.67,-0.31,4.38,3.73,1.94,63.05,-61.41,-6.13,57.89,32.66,62.46,-61.83,32.66,1
0.66,0.67,-0.32,2,3.09,0.7,62.99,-62.06,-5.94,58.17,32.73,62.64,-61.56,32.73,1
0.71,0.65,-0.33,-0.11,4.99,0.17,59.45,-65.4,-5.95,58.62,32.74,62.57,-61.19,32.74,1
0.7,0.68,-0.3,0.69,2.36,0.06,59.97,-61.53,-5.89,58.84,32.75,62.58,-60.98,32.75,1
0.67,0.68,-0.34,-0.4,1.2,2.57,64.22,-63.08,-5.93,58.95,32.98,62.58,-60.92,32.98,1
0.7,0.66,-0.3,0.52,2.6,-0.09,58.9,-62.79,-5.88,59.19,32.97,62.55,-60.72,32.9,1
0.64,0.66,-0.32,-1.82,-2.27,1.53,64.35,-61.66,-6.06,58.15,33.81,62.38,-61.79,33.81,1
0.65,0.67,-0.32,3.97,-1.49,1.67,64.33,-61.82,-5.7,58.01,33.97,62.78,-61.92,33.97,1
0.71,0.65,-0.32,0.64,4.62,3.64,59.08,-64.88,-5.64,58.44,34.3,62.76,-61.56,34.3,1
0.66,0.68,-0.3,3.89,4.13,2,62.14,-60.21,-5.28,58.82,34.49,63.1,-61.16,34.49,1
0.67,0.66,-0.32,-4.54,-0.27,0.06,61.81,-62.83,-5.69,58.8,34.49,62.67,-61.22,34.49,1
0.7,0.66,-0.31,1.33,-2.01,-0.14,59.31,-63.17,-5.57,58.61,34.48,62.72,-61.44,34.48,1
0.68,0.68,-0.3,1.78,-2.94,0.23,60.51,-60.36,-5.4,58.34,34.5,62.84,-61.69,34.5,1
0.71,0.66,-0.28,0.38,-4.04,0.14,56.98,-61.9,-5.37,57.96,34.52,62.76,-62.06,34.52,1
0.67,0.68,-0.3,-0.09,-2.86,-0.59,61.66,-60.68,-5.37,57.7,34.46,62.73,-62.29,34.46,1
0.68,0.67,-0.29,-1.59,-0.78,0.11,60.17,-61.05,-5.53,57.63,34.47,62.53,-62.34,34.47,1
0.68,0.65,-0.34,0.24,1.06,-0.96,62.44,-65.17,-5.5,57.73,34.38,62.55,-62.3,34.38,1
0.69,0.67,-0.34,-0.47,-3.82,0.57,62.17,-64.19,-5.55,57.37,34.44,62.5,-62.68,34.44,1
0.69,0.67,-0.3,0.32,-3.38,2.06,59.36,-61.8,-5.52,57.06,34.63,62.47,-62.97,34.63,1
0.68,0.67,-0.33,-2.2,0.8,0.22,62.2,-63.03,-5.72,57.13,34.65,62.26,-62.9,34.65,1
0.68,0.67,-0.32,0.98,-3.35,0.23,61.86,-62.7,-5.63,56.82,34.67,62.34,-63.2,34.67,1
0.66,0.67,-0.28,3.07,0.02,1.64,60.7,-59.26,-5.35,56.82,34.82,62.59,-63.12,34.82,1
0.66,0.66,-0.29,1.16,3.41,-0.82,61.33,-60.52,-5.24,57.13,34.75,62.67,-62.77,34.75,1
0.69,0.67,-0.3,0.11,4.01,0.19,59.95,-61.49,-5.23,57.5,34.76,62.62,-62.37,34.76,1
0.65,0.64,-0.34,1.66,-0.81,-0.61,63.63,-64.77,-5.08,57.43,34.71,62.79,-62.49,34.71,1
0.68,0.65,-0.31,0.67,0.59,-0.96,60.31,-63.28,-5.02,57.49,34.62,62.8,-62.46,34.62,1
0.69,0.66,-0.32,0.33,0.36,-1.3,61.01,-63.28,-4.99,57.52,34.5,62.8,-62.44,34.5,1
0.68,0.67,-0.34,-0.84,1.2,-0.06,62.5,-64.29,-5.06,57.63,34.49,62.71,-62.37,34.49,1
0.69,0.65,-0.32,1.28,-0.83,0.14,60.24,-63.88,-4.94,57.55,34.51,62.78,-62.48,34.51,1
0.69,0.67,-0.33,-0.47,-2.54,0.6,61.86,-64.16,-4.99,57.32,34.56,62.72,-62.74,34.56,1
0.7,0.66,-0.33,0.29,-0.11,-0.21,60.58,-64.7,-4.89,57.33,34.55,62.71,-62.83,34.55,1
0.71,0.66,-0.32,3.83,-0.42,1.86,59.97,-64.22,-4.53,57.29,34.73,63.01,-62.89,34.73,1
0.66,0.63,-0.34,-0.35,5.34,2.06,63.25,-66.18,-4.56,57.78,34.92,62.98,-62.47,34.92,1
0.68,0.65,-0.3,3.49,2.06,1.3,59.95,-63,-4.24,57.97,35.04,63.24,-62.3,35.04,1
0.67,0.68,-0.32,-0.11,4.28,-0.59,62.86,-61.56,-4.25,58.36,34.99,63.22,-61.9,34.99,1
0.67,0.67,-0.32,-4.63,0.73,-1.01,62.27,-61.92,-4.68,58.43,34.89,62.78,-61.84,34.89,1
0.69,0.67,-0.35,-1.85,-1.55,-3.01,62.54,-65.25,-4.86,58.28,34.61,62.6,-62.05,34.61,1
0.7,0.66,-0.33,-1.68,-2.36,0.17,60.87,-64.78,-5.02,58.06,34.62,62.41,-62.32,34.62,1
0.67,0.68,-0.33,3.28,-2.71,1.16,63.52,-62.54,-4.71,57.81,34.73,62.73,-62.57,34.73,1
0.68,0.67,-0.3,-0.63,1.98,-0.01,60.51,-61.66,-4.77,57.99,34.73,62.63,-62.38,34.73,1
0.71,0.67,-0.32,1.83,-0.72,-0.24,59.63,-63.58,-4.6,57.92,34.71,62.74,-62.47,34.71,1
0.7,0.65,-0.32,-0.22,3.26,-0.17,59.7,-64.2,-4.62,58.23,34.69,62.66,-62.2,34.69,1
0.68,0.67,-0.33,-0.02,0.36,0.7,62.7,-63.72,-4.62,58.26,34.76,62.66,-62.2,34.76,1
0.68,0.67,-0.31,-1.6,2.39,0.77,61.2,-62.52,-4.77,58.48,34.83,62.48,-61.99,34.83,1
0.68,0.65,-0.31,2.18,1.52,0.8,60.66,-63.32,-4.57,58.62,34.9,62.64,-61.88,34.9,1
0.65,0.67,-0.29,1.2,0.85,2.02,61.66,-59.82,-4.46,58.7,35.09,62.73,-61.76,35.09,1
0.63,0.66,-0.3,-0.28,1.02,0.52,63.48,-59.97,-4.48,58.79,35.14,62.72,-61.64,35.14,1
0.67,0.66,-0.31,-0.18,-3.09,-1.91,61.81,-62.39,-4.5,58.5,34.96,62.69,-61.94,34.96,1
0.66,0.68,-0.32,-4.17,-1.36,-0.61,63.33,-62.15,-4.89,58.37,34.9,62.31,-62.07,34.9,1
0.69,0.66,-0.32,-1.27,-0.86,-0.73,60.52,-63.66,-5.01,58.29,34.83,62.16,-62.18,34.83,1
0.69,0.65,-0.32,0,-2.31,0.4,60.25,-64.12,-5.01,58.07,34.87,62.12,-62.43,34.87,1
0.7,0.66,-0.35,1.19,-0.78,0.84,61.99,-65.84,-4.9,58,34.95,62.23,-62.57,34.95,1
0.68,0.67,-0.33,-0.34,-1.91,1.33,61.97,-63.53,-4.93,57.82,35.07,62.19,-62.77,35.07,1
0.69,0.66,-0.33,-1.53,-0.48,1.68,60.93,-64.26,-5.08,57.77,35.23,62.03,-62.84,35.23,1
0.68,0.68,-0.32,1.25,-0.65,-0.3,61.87,-62.32,-4.96,57.39,35.23,62.14,-63.23,35.23,1
0.69,0.66,-0.32,-0.55,0.93,-0.59,60.85,-63.35,-5.01,57.47,35.17,62.06,-63.15,35.17,1
0.69,0.65,-0.31,0.82,1.37,0.15,59.72,-63.69,-4.93,57.6,35.19,62.09,-63.03,35.19,1
0.71,0.64,-0.33,0.33,-0.92,1.07,59.57,-65.93,-4.9,57.52,35.29,62.07,-63.17,35.29,1
0.7,0.64,-0.34,1.94,3.19,0.7,60.58,-66.66,-4.72,57.81,35.35,62.22,-62.96,35.35,1
0.7,0.65,-0.33,0.65,2.31,1.68,60.08,-65.71,-4.66,58.02,35.51,62.23,-62.8,35.51,1
0.7,0.67,-0.32,-0.09,-0.8,1.02,59.98,-63.36,-4.67,57.95,35.6,62.18,-62.88,35.6,1
0.69,0.65,-0.32,0.99,-2.43,-0.53,60.33,-65.01,-4.58,57.72,35.55,62.23,-63.15,35.55,1
0.72,0.65,-0.32,1.14,2.1,0.8,58.42,-64.94,-4.47,57.92,35.62,62.26,-62.99,35.62,1
0.71,0.68,-0.29,3.36,0.44,0.93,58.29,-61.22,-4.16,57.96,35.71,62.49,-62.92,35.71,1
0.68,0.68,-0.33,1.43,4.07,-0.07,62.44,-62.72,-4.03,58.33,35.7,62.61,-62.55,35.7,1
0.69,0.68,-0.31,-1.8,2.94,0.92,60.7,-61.92,-4.2,58.6,35.79,62.41,-62.27,35.79,1
0.69,0.67,-0.32,0.53,0.76,-1.07,61.21,-63.53,-4.15,58.67,35.69,62.44,-62.23,35.69,1
0.68,0.65,-0.33,-0.92,-1.61,0.02,61.39,-64.76,-4.23,58.52,35.69,62.33,-62.42,35.69,1
0.7,0.66,-0.29,2.21,0.97,0.34,58.39,-62.57,-4.03,58.61,35.72,62.46,-62.34,35.72,1
0.68,0.66,-0.33,2.43,-1.04,1.88,61.73,-64.45,-3.8,58.52,35.9,62.66,-62.48,35.9,1
0.67,0.68,-0.3,1.33,-2.22,2.15,61.52,-60.38,-3.68,58.31,36.09,62.76,-62.63,36.09,1
0.67,0.65,-0.31,-0.81,0.74,-1.71,61.06,-63.49,-3.75,58.38,35.94,62.65,-62.58,35.94,1
0.69,0.64,-0.33,-0.23,-0.86,-0.79,60.38,-65.59,-3.77,58.3,35.86,62.59,-62.72,35.86,1
0.69,0.66,-0.33,-1.88,0.93,-0.91,61.27,-64.09,-3.95,58.39,35.78,62.39,-62.66,35.78,1
0.72,0.66,-0.31,1.54,-0.49,0.34,58.68,-64,-3.8,58.34,35.81,62.46,-62.74,35.81,1
0.69,0.67,-0.32,0.67,3.72,0.52,60.78,-63,-3.74,58.68,35.86,62.48,-62.41,35.86,1
0.69,0.67,-0.34,1.28,-3.03,0.57,62.35,-64.36,-3.63,58.41,35.91,62.59,-62.72,35.91,1
0.7,0.65,-0.33,-0.46,0.82,0.12,60.26,-65.09,-3.67,58.48,35.92,62.51,-62.69,35.92,1
0.66,0.68,-0.29,-1.45,-1.99,-2.2,61.54,-59.5,-4.15,58.42,35.48,61.69,-62.82,35.48,1
0.69,0.66,-0.33,-1.88,-4.19,-1.92,61.65,-64.47,-4.33,58.03,35.3,61.51,-63.25,35.3,1
0.71,0.66,-0.31,-0.8,0.74,-0.81,59.2,-64.1,-4.41,58.1,35.22,61.39,-63.19,35.22,1
0.7,0.67,-0.31,0.76,0.1,1.25,59.86,-62.68,-4.33,58.1,35.34,61.43,-63.17,35.34,1
0.69,0.65,-0.33,3.62,-2.42,3.1,60.85,-65.46,-4,57.88,35.62,61.75,-63.44,35.62,1
0.68,0.64,-0.34,-0.98,3.32,1.25,61.81,-65.9,-4.09,58.19,35.74,61.66,-63.19,35.74,1
0.68,0.65,-0.3,1.89,0.59,2.2,59.65,-62.94,-3.92,58.24,35.94,61.79,-63.13,35.94,1
0.68,0.66,-0.29,-0.06,2.88,-2.12,59.21,-61.34,-3.92,58.5,35.75,61.73,-62.84,35.75,1
0.65,0.65,-0.33,2.24,0.19,-0.85,63.67,-63.21,-3.71,58.52,35.67,61.98,-62.83,35.67,1
0.68,0.69,-0.29,-3.36,3.84,1.96,60.16,-59.22,-4.03,58.88,35.85,61.64,-62.4,35.85,1
0.65,0.64,-0.36,1.51,-5.53,-1.23,65.03,-66.84,-3.89,58.37,35.74,61.84,-63,35.74,1
0.7,0.65,-0.37,-10.38,1.38,10,63.03,-67.65,-4.86,58.5,36.68,60.91,-62.96,36.68,1
0.72,0.68,-0.29,-9.6,5.9,4.93,57.77,-61.25,-5.76,59.05,37.14,59.96,-62.38,37.14,1
0.7,0.63,-0.38,-4.23,8.73,3.22,63.5,-69.89,-6.15,59.85,37.44,59.65,-61.75,37.44,1
0.81,0.68,-0.29,-3.15,8.88,-4.38,52.58,-64.09,-6.45,60.68,37.03,59.22,-60.99,37.03,1
0.73,0.67,-0.28,-8.46,5.58,-3.71,55.93,-62.13,-7.24,61.2,36.68,58.38,-60.49,36.68,1
0.78,0.68,-0.29,-4.95,7.05,1.35,54.04,-63.92,-7.71,61.87,36.81,57.83,-59.91,36.81,1
0.75,0.65,-0.29,-8.78,2.76,-3.19,54.88,-64.62,-8.51,62.12,36.52,56.98,-59.76,36.52,1
0.72,0.68,-0.27,-3.57,11.03,-13.52,56.4,-59.85,-8.85,63.15,35.26,56.65,-58.76,35.26,1
0.76,0.7,-0.3,-11.05,-4.72,-7.28,56.67,-61.94,-9.91,62.69,34.56,55.61,-59.26,34.56,1
0.71,0.76,-0.21,-0.29,-21.5,-6.47,56.93,-51.86,-9.94,60.63,33.94,55.61,-61.14,33.94,1
0.59,0.71,-0.32,-1.27,-4.07,-3.13,69.41,-56.57,-10.06,60.24,33.64,55.76,-61.43,33.64,1
0.64,0.75,-0.27,7.59,8.18,6.44,63.55,-53.3,-9.34,61.01,34.25,56.62,-60.51,34.25,1
0.63,0.67,-0.35,4.06,0.57,2.06,67.49,-62.8,-8.97,61.07,34.44,57.2,-60.5,34.44,1
0.67,0.69,-0.24,2.55,-0.11,0.52,57.87,-56.46,-8.74,61.06,34.49,57.44,-60.43,34.49,1
0.65,0.7,-0.28,3.91,-3.33,-2.24,62.53,-57.04,-8.37,60.75,34.28,57.9,-60.67,34.28,1
0.66,0.71,-0.31,-4.83,-4.33,1.51,63.95,-58.93,-8.83,60.34,34.42,57.58,-61.03,34.42,1
0.65,0.69,-0.27,6.06,-7.04,-2.35,61.04,-57.65,-8.26,59.69,34.2,58.2,-61.6,34.2,1
0.61,0.69,-0.35,0.12,-6.45,2.75,68.89,-60.84,-8.25,59.09,34.46,58.42,-62.18,34.46,1
1,0.09,-0.15,0,-0.07,-0.04,5.94,-93.45,-47.08,-54.78,362.29,-0.05,-98.98,362.29,0
1.01,0.08,-0.15,0,0,-0.07,5.36,-93.84,-47.08,-54.78,362.28,0.06,-98.87,362.28,0
1,0.09,-0.15,0.18,0.03,-0.05,6.19,-93.21,-47.06,-54.78,362.27,0.2,-98.76,362.27,0
1,0.08,-0.14,-0.17,-0.01,-0.05,5.15,-93.56,-47.08,-54.78,362.27,0.28,-98.65,362.27,0
1.01,0.09,-0.14,-0.14,-0.04,0.07,5.8,-92.92,-47.09,-54.78,362.28,0.38,-98.54,362.28,0
1,0.08,-0.13,-0.02,0.03,0.1,5.18,-93.11,-47.09,-54.78,362.29,0.47,-98.43,362.29,0
1,0.09,-0.15,0.06,0.12,-0.05,5.86,-93.58,-47.09,-54.77,362.28,0.58,-98.32,362.28,0
1,0.08,-0.14,-0.06,0.05,-0.04,5.05,-93.52,-47.09,-54.76,362.28,0.67,-98.22,362.28,0
1,0.09,-0.15,0,-0.14,-0.24,5.91,-93.69,-47.09,-54.78,362.25,0.77,-98.15,362.25,0
1,0.08,-0.15,0.06,0.15,0.24,5.6,-93.54,-47.09,-54.76,362.28,0.87,-98.04,362.28,0
1,0.09,-0.14,0.01,0.03,0.02,5.68,-92.99,-47.09,-54.76,362.28,0.97,-97.94,362.28,0
1,0.09,-0.15,0.04,0.09,-0.13,6.12,-93.3,-47.08,-54.75,362.27,1.08,-97.83,362.27,0
1,0.08,-0.14,-0.09,-0.09,-0.04,5.27,-93.32,-47.09,-54.76,362.26,1.15,-97.75,362.26,0
1,0.09,-0.15,0.01,0.08,-0.08,6.33,-93.29,-47.09,-54.75,362.26,1.26,-97.66,362.26,0
1,0.08,-0.14,-0.15,-0.06,-0.07,5.39,-93.16,-47.11,-54.76,362.25,1.33,-97.57,362.25,0
1.01,0.09,-0.15,0.06,-0.15,0.1,5.88,-93.69,-47.1,-54.77,362.26,1.42,-97.51,362.26,0
1,0.08,-0.15,-0.12,-0.01,0.01,5.57,-93.85,-47.11,-54.77,362.26,1.5,-97.44,362.26,0
1.01,0.09,-0.15,-0.11,-0.35,0.07,6.32,-93.17,-47.12,-54.81,362.27,1.58,-97.38,362.27,0
1,0.09,-0.14,-0.14,-0.04,0.07,5.84,-93.21,-47.14,-54.81,362.27,1.65,-97.3,362.27,0
1,0.08,-0.13,-0.11,-0.15,0.06,5.43,-92.9,-47.15,-54.82,362.28,1.72,-97.23,362.28,0
1,0.08,-0.14,0.14,-0.09,-0.16,5.38,-93.22,-47.13,-54.83,362.26,1.8,-97.16,362.26,0
1,0.09,-0.14,0.04,-0.11,-0.11,5.98,-92.94,-47.13,-54.84,362.25,1.89,-97.08,362.25,0
1.01,0.09,-0.14,0.03,0.22,-0.08,5.76,-93.23,-47.13,-54.82,362.25,1.97,-96.99,362.25,0
1,0.09,-0.14,-0.06,0.22,-0.05,5.81,-92.73,-47.13,-54.8,362.24,2.04,-96.88,362.24,0
1.01,0.08,-0.14,-0.05,0.2,0.06,5.52,-93.27,-47.14,-54.78,362.25,2.11,-96.79,362.25,0
1.01,0.09,-0.15,-0.06,-0.2,-0.01,5.75,-93.32,-47.14,-54.8,362.25,2.17,-96.74,362.25,0
1,0.08,-0.15,-0.03,-0.01,0.12,5.65,-93.66,-47.1,-55.03,362.39,-37.65,-136.1,362.39,0
1,0.09,-0.14,-0.08,-0.12,-0.04,5.9,-93.18,-47.11,-55.04,362.39,-36.79,-135.26,362.39,0
1,0.09,-0.15,0.01,-0.04,0.16,5.83,-93.75,-47.11,-55.05,362.41,-35.94,-134.43,362.41,0
1,0.08,-0.15,-0.02,0.23,0.01,5.49,-93.84,-47.11,-55.02,362.41,-35.11,-133.6,362.41,0
1,0.09,-0.14,-0.11,0.05,-0.02,5.65,-93.3,-47.12,-55.02,362.4,-34.31,-132.79,362.4,0
1,0.08,-0.14,-0.06,-0.04,0.09,5.57,-92.94,-47.13,-55.02,362.41,-33.51,-131.99,362.41,0
1.01,0.09,-0.14,0.06,0,-0.02,6,-93.07,-47.12,-55.02,362.41,-32.72,-131.21,362.41,0
1,0.09,-0.14,0.01,-0.06,-0.04,5.93,-93.05,-47.12,-55.03,362.41,-31.94,-130.46,362.41,0
1,0.08,-0.16,-0.05,0.41,-0.04,5.78,-94.15,-47.13,-54.99,362.4,-31.19,-129.69,362.4,0
1,0.09,-0.14,-0.05,0.05,0.16,5.76,-93.19,-47.13,-54.98,362.42,-30.46,-128.96,362.42,0
1,0.08,-0.15,-0.06,0.11,-0.11,5.72,-93.73,-47.14,-54.97,362.41,-29.74,-128.24,362.41,0
1,0.08,-0.14,0.09,-0.09,-0.01,5.66,-93.39,-47.13,-54.98,362.41,-29.03,-127.55,362.41,0
1.01,0.09,-0.15,0.09,0.05,-0.02,6.09,-93.6,-47.12,-54.98,362.41,-28.31,-126.87,362.41,0
1,0.09,-0.15,0.14,-0.04,0.16,5.92,-93.49,-47.11,-54.98,362.42,-27.62,-126.21,362.42,0
1,0.08,-0.14,-0.14,-0.03,0.04,5.54,-93.51,-47.12,-54.98,362.43,-26.97,-125.55,362.43,0
1,0.08,-0.14,-0.03,0.17,-0.08,5.42,-93.03,-47.12,-54.97,362.42,-26.32,-124.89,362.42,0
1,0.09,-0.14,0.03,0.08,0.04,6,-93,-47.12,-54.96,362.42,-25.67,-124.24,362.42,0
1,0.08,-0.14,0.01,0.35,0.07,5.6,-93.24,-47.12,-54.93,362.43,-25.05,-123.59,362.43,0
1,0.08,-0.15,0.18,-0.07,0.04,5.51,-93.68,-47.1,-54.93,362.43,-24.42,-123,362.43,0
1,0.08,-0.14,-0.03,-0.03,0.02,5.56,-93.22,-47.1,-54.94,362.43,-23.82,-122.41,362.43,0
1,0.09,-0.15,0.07,0.14,-0.08,5.96,-93.54,-47.1,-54.92,362.43,-23.22,-121.81,362.43,0
1,0.09,-0.14,-0.02,0.08,-0.11,6.01,-92.67,-47.1,-54.91,362.42,-22.64,-121.22,362.42,0
1,0.08,-0.15,0,-0.11,0.04,5.53,-93.64,-47.1,-54.94,362.42,-21.52,-120.16,362.42,0
1,0.08,-0.14,-0.03,0,-0.14,5.5,-93.52,-47.1,-54.94,362.4,-20.98,-119.63,362.4,0
1,0.08,-0.14,-0.11,-0.29,-0.1,5.63,-92.95,-47.12,-54.97,362.39,-20.46,-119.12,362.39,0
1.01,0.09,-0.15,-0.08,-0.11,0.01,6.08,-93.14,-47.12,-54.98,362.4,-19.94,-118.61,362.4,0
1,0.09,-0.15,0.03,-0.01,0.07,5.72,-93.5,-47.12,-54.98,362.4,-19.42,-118.11,362.4,0
1.01,0.09,-0.15,-0.02,-0.07,0.12,5.76,-93.76,-47.12,-54.99,362.41,-18.92,-117.63,362.41,0
1,0.08,-0.14,-0.06,0.02,0.02,5.52,-93.31,-47.13,-54.99,362.42,-18.44,-117.15,362.42,0
1.01,0.08,-0.15,0.03,0.06,-0.11,5.62,-93.65,-47.13,-54.98,362.41,-17.95,-116.67,362.41,0
1.01,0.09,-0.14,0.09,0.08,0.07,5.94,-93.09,-47.12,-54.97,362.41,-17.47,-116.19,362.41,0
1,0.09,-0.15,0.03,-0.01,-0.19,5.93,-93.62,-47.11,-54.97,362.39,-17,-115.74,362.39,0
1,0.08,-0.14,0,-0.07,-0.14,5.37,-93.51,-47.11,-54.98,362.38,-16.55,-115.3,362.38,0
1,0.09,-0.14,-0.11,0.17,0.06,5.82,-93.05,-47.12,-54.96,362.39,-16.11,-114.84,362.39,0
1,0.09,-0.14,-0.02,0.05,-0.14,5.93,-93.13,-47.13,-54.96,362.37,-15.67,-114.4,362.37,0
1.01,0.08,-0.14,0.04,-0.21,0.01,5.43,-93.49,-47.12,-54.98,362.37,-15.25,-114,362.37,0
1,0.09,-0.14,0.1,0.26,0.12,6,-92.68,-47.11,-54.95,362.38,-14.81,-113.55,362.38,0
1,0.08,-0.15,-0.12,-0.2,-0.05,5.6,-93.65,-47.12,-54.97,362.38,-14.42,-113.17,362.38,0
1,0.08,-0.15,0.06,0.28,0.13,5.59,-93.48,-47.12,-54.95,362.39,-14.01,-112.75,362.39,0
1,0.09,-0.15,-0.23,0.03,0.07,5.87,-93.23,-47.14,-54.94,362.4,-13.63,-112.36,362.4,0
1,0.09,-0.14,0.1,0.29,-0.11,5.79,-93.25,-47.13,-54.91,362.39,-13.24,-111.95,362.39,0
1,0.09,-0.14,0.01,-0.14,0.04,6,-92.98,-47.13,-54.93,362.39,-12.85,-111.58,362.39,0
1,0.1,-0.15,0.1,0.12,-0.13,6.44,-92.95,-47.12,-54.92,362.38,-12.45,-111.2,362.38,0
1,0.09,-0.15,0.01,-0.11,0.07,5.9,-93.41,-47.12,-54.93,362.39,-12.09,-110.85,362.39,0
1,0.08,-0.14,-0.12,-0.06,0.1,5.29,-93.45,-47.13,-54.93,362.4,-11.75,-110.51,362.4,0
1,0.08,-0.14,0.01,-0.01,-0.11,5.64,-93.4,-47.13,-54.93,362.38,-11.4,-110.17,362.38,0
1,0.09,-0.14,0.14,0.06,0.07,5.81,-92.73,-47.11,-54.93,362.39,-11.04,-109.81,362.39,0
1,0.09,-0.14,0.04,0.03,0.1,5.73,-93.18,-47.11,-54.92,362.4,-10.7,-109.48,362.4,0
1,0.09,-0.15,0.01,0.11,-0.02,5.89,-93.49,-47.11,-54.91,362.4,-10.37,-109.15,362.4,0
1,0.08,-0.15,0,-0.06,-0.14,5.61,-93.48,-47.11,-54.92,362.39,-10.05,-108.84,362.39,0
1,0.09,-0.14,-0.02,0.02,-0.16,5.87,-93.23,-47.11,-54.92,362.37,-9.73,-108.53,362.37,0
1,0.09,-0.15,0.09,-0.03,-0.11,6.07,-93.38,-47.1,-54.92,362.36,-9.41,-108.23,362.36,0
1,0.09,-0.15,-0.12,0.12,0.18,5.87,-93.71,-47.11,-54.91,362.38,-9.12,-107.92,362.38,0
1,0.09,-0.15,-0.02,0.31,0.13,5.89,-93.5,-47.12,-54.88,362.39,-8.82,-107.61,362.39,0
1,0.08,-0.15,-0.11,0.05,-0.08,5.69,-93.68,-47.13,-54.87,362.38,-8.54,-107.32,362.38,0
1,0.09,-0.15,0.09,-0.07,-0.02,6.03,-93.36,-47.12,-54.88,362.38,-8.24,-107.05,362.38,0
1.01,0.09,-0.14,0,-0.01,0.01,5.97,-92.86,-47.12,-54.88,362.38,-7.95,-106.77,362.38,0
1,0.09,-0.14,-0.09,-0.12,-0.08,5.65,-93.32,-47.13,-54.89,362.37,-7.69,-106.51,362.37,0
1,0.09,-0.15,0.04,0.02,-0.02,5.99,-93.27,-47.12,-54.89,362.37,-7.41,-106.25,362.37,0
1,0.09,-0.14,0.06,0.12,0.04,5.8,-93.05,-47.12,-54.88,362.37,-7.14,-105.97,362.37,0
1,0.09,-0.15,0.06,-0.09,0.07,6.04,-93.13,-47.11,-54.89,362.38,-6.87,-105.72,362.38,0
1,0.08,-0.16,-0.05,-0.46,-0.16,5.07,-94.56,-47.12,-54.93,362.36,-6.64,-105.54,362.36,0
1,0.08,-0.15,0.17,0.51,0.3,5.36,-93.71,-47.1,-54.88,362.39,-6.38,-105.26,362.39,0
1,0.09,-0.14,0.2,-0.2,-0.27,5.93,-92.66,-47.08,-54.9,362.37,-6.12,-105.02,362.37,0
1,0.1,-0.14,0.1,0.05,0.16,6.66,-92.39,-47.07,-54.9,362.38,-5.85,-104.76,362.38,0
1,0.09,-0.13,-0.03,-0.03,-0.14,5.84,-92.08,-47.07,-54.9,362.37,-5.62,-104.51,362.37,0
1,0.11,-0.15,-0.15,0.4,0.13,7.16,-92.55,-47.09,-54.86,362.38,-5.38,-104.24,362.38,0
0.99,0.08,-0.13,0.14,-0.3,-0.05,5.56,-92.73,-47.08,-54.89,362.38,-5.15,-104.03,362.38,0
1,0.09,-0.16,0.14,-0.07,-0.1,6.21,-93.96,-47.06,-54.9,362.37,-4.91,-103.84,362.37,0
1,0.06,-0.14,-0.09,0.14,-0.07,4.2,-94.55,-47.07,-54.88,362.36,-4.74,-103.64,362.36,0
1,0.07,-0.14,0.07,0.05,0.04,4.67,-93.85,-47.06,-54.89,362.37,-4.34,-103.27,362.37,0
1.01,0.09,-0.15,0.01,-0.29,-0.01,5.96,-93.75,-47.06,-54.92,362.37,-4.13,-103.11,362.37,0
1,0.08,-0.14,-0.12,0,-0.08,5.52,-93.18,-47.07,-54.92,362.36,-3.95,-102.91,362.36,0
1.01,0.1,-0.14,-0.06,0.12,-0.01,6.47,-92.65,-47.08,-54.91,362.36,-3.75,-102.69,362.36,0
1,0.08,-0.13,-0.22,-0.03,-0.01,5.44,-92.81,-47.1,-54.91,362.36,-3.58,-102.5,362.36,0
1.01,0.08,-0.15,-0.02,0,-0.02,5.55,-93.79,-47.1,-54.91,362.36,-3.4,-102.32,362.36,0
1,0.09,-0.14,0.04,-0.04,0.01,5.99,-92.94,-47.1,-54.92,362.36,-3.21,-102.14,362.36,0
1,0.09,-0.15,0.03,0.03,-0.08,5.86,-93.4,-47.09,-54.91,362.35,-3.03,-101.96,362.35,0
1,0.09,-0.15,0,0.17,-0.11,6.03,-93.71,-47.09,-54.9,362.34,-2.84,-101.78,362.34,0
1,0.08,-0.14,0.07,0.03,-0.02,5.46,-93.38,-47.09,-54.89,362.34,-2.67,-101.61,362.34,0
1,0.09,-0.15,0.1,0.18,0.09,5.73,-93.67,-47.08,-54.88,362.34,-2.49,-101.43,362.34,0
1,0.08,-0.14,-0.06,-0.04,0.04,5.53,-93.42,-47.08,-54.88,362.35,-2.34,-101.28,362.35,0
1,0.09,-0.15,-0.23,0.18,-0.05,5.94,-93.25,-47.11,-54.86,362.34,-2.2,-101.1,362.34,0
1.01,0.09,-0.14,-0.06,0.25,0.09,5.8,-92.93,-47.11,-54.84,362.35,-2.04,-100.91,362.35,0
1,0.09,-0.15,0,0.18,0.09,5.97,-93.35,-47.11,-54.82,362.36,-1.88,-100.74,362.36,0
1,0.09,-0.14,-0.02,0.29,-0.07,6.22,-92.67,-47.11,-54.79,362.35,-1.72,-100.55,362.35,0
1.01,0.09,-0.15,0.1,0.02,-0.04,5.85,-93.51,-47.1,-54.79,362.35,-1.56,-100.41,362.35,0
1.01,0.08,-0.14,0.03,0.25,0.01,5.58,-93.15,-47.1,-54.77,362.35,-1.41,-100.24,362.35,0
1,0.09,-0.15,0.07,0.14,-0.14,5.71,-93.63,-47.09,-54.75,362.34,-1.27,-100.1,362.34,0
1.01,0.09,-0.14,0.23,0.05,-0.05,5.88,-92.93,-47.07,-54.75,362.33,-1.1,-99.95,362.33,0
1,0.08,-0.15,-0.06,0.12,-0.17,5.54,-93.93,-47.08,-54.74,362.31,-0.97,-99.82,362.31,0
1,0.09,-0.15,0.04,0.14,0.06,6.2,-93.42,-47.07,-54.72,362.32,-0.83,-99.68,362.32,0
1,0.09,-0.14,0.01,-0.23,0.13,5.74,-93.17,-47.07,-54.75,362.33,-0.69,-99.57,362.33,0
1.01,0.1,-0.16,-0.08,-0.06,-0.04,6.48,-93.66,-47.08,-54.75,362.33,-0.56,-99.45,362.33,0
1,0.09,-0.15,0.04,0.09,-0.13,6.12,-93.3,-47.08,-54.75,362.27,1.08,-97.83,362.27,0
1,0.08,-0.14,-0.09,-0.09,-0.04,5.27,-93.32,-47.09,-54.76,362.26,1.15,-97.75,362.26,0
1,0.09,-0.15,0.01,0.08,-0.08,6.33,-93.29,-47.09,-54.75,362.26,1.26,-97.66,362.26,0
1,0.08,-0.14,-0.15,-0.06,-0.07,5.39,-93.16,-47.11,-54.76,362.25,1.33,-97.57,362.25,0
1.01,0.09,-0.15,0.06,-0.15,0.1,5.88,-93.69,-47.1,-54.77,362.26,1.42,-97.51,362.26,0
1,0.08,-0.15,-0.12,-0.01,0.01,5.57,-93.85,-47.11,-54.77,362.26,1.5,-97.44,362.26,0
1.01,0.09,-0.15,-0.11,-0.35,0.07,6.32,-93.17,-47.12,-54.81,362.27,1.58,-97.38,362.27,0
1,0.09,-0.14,-0.14,-0.04,0.07,5.84,-93.21,-47.14,-54.81,362.27,1.65,-97.3,362.27,0
1,0.08,-0.13,-0.11,-0.15,0.06,5.43,-92.9,-47.15,-54.82,362.28,1.72,-97.23,362.28,0
1,0.08,-0.14,0.14,-0.09,-0.16,5.38,-93.22,-47.13,-54.83,362.26,1.8,-97.16,362.26,0
1,0.09,-0.14,0.04,-0.11,-0.11,5.98,-92.94,-47.13,-54.84,362.25,1.89,-97.08,362.25,0
1.01,0.09,-0.14,0.03,0.22,-0.08,5.76,-93.23,-47.13,-54.82,362.25,1.97,-96.99,362.25,0
1,0.09,-0.14,-0.06,0.22,-0.05,5.81,-92.73,-47.13,-54.8,362.24,2.04,-96.88,362.24,0
1.01,0.08,-0.14,-0.05,0.2,0.06,5.52,-93.27,-47.14,-54.78,362.25,2.11,-96.79,362.25,0
1.01,0.09,-0.15,-0.06,-0.2,-0.01,5.75,-93.32,-47.14,-54.8,362.25,2.17,-96.74,362.25,0
0.99,0.09,-0.14,0.04,-0.07,-0.02,6.19,-92.92,-47.14,-54.81,362.24,2.26,-96.67,362.24,0
1,0.09,-0.15,0.07,0,0.21,5.75,-93.94,-47.13,-54.81,362.26,2.34,-96.62,362.26,0
1,0.09,-0.14,-0.08,0.05,0.04,5.74,-93.27,-47.14,-54.8,362.27,2.4,-96.54,362.27,0
1,0.09,-0.15,-0.06,-0.03,0.13,5.92,-93.63,-47.14,-54.81,362.28,2.46,-96.49,362.28,0
1.01,0.09,-0.14,0.04,0.17,-0.05,5.8,-92.99,-47.14,-54.79,362.27,2.53,-96.4,362.27,0
1,0.09,-0.14,-0.05,-0.11,0.02,5.73,-93.36,-47.14,-54.8,362.28,2.59,-96.35,362.28,0
1.01,0.09,-0.14,0.03,-0.06,0.13,5.66,-93.21,-47.14,-54.81,362.29,2.66,-96.29,362.29,0
1,0.08,-0.14,0.06,0.08,-0.05,5.63,-93.38,-47.14,-54.8,362.28,2.72,-96.23,362.28,0
1.01,0.09,-0.15,-0.12,0.09,0.04,5.95,-93.32,-47.15,-54.79,362.29,2.77,-96.16,362.29,0
1,0.08,-0.15,-0.02,-0.11,0.06,5.66,-93.56,-47.15,-54.8,362.29,2.83,-96.12,362.29,0
1,0.09,-0.14,0.01,-0.24,0.06,5.77,-93.28,-47.15,-54.82,362.3,2.89,-96.09,362.3,0
1,0.09,-0.14,0.06,-0.06,0.01,5.9,-93.05,-47.15,-54.84,362.29,3.12,-95.89,362.29,0
1,0.09,-0.14,-0.08,0.14,-0.17,5.95,-92.98,-47.15,-54.83,362.27,3.17,-95.81,362.27,0
1.01,0.08,-0.15,-0.06,-0.09,-0.08,5.37,-93.84,-47.16,-54.84,362.26,3.21,-95.78,362.26,0
1,0.09,-0.15,-0.06,-0.12,0.13,5.73,-93.46,-47.16,-54.85,362.28,3.25,-95.75,362.28,0
1,0.09,-0.15,0.17,0.06,0.18,6.13,-93.17,-47.15,-54.84,362.29,3.33,-95.69,362.29,0
1,0.09,-0.15,-0.02,0.02,-0.01,5.76,-93.43,-47.15,-54.84,362.29,3.37,-95.64,362.29,0
1,0.08,-0.14,-0.22,-0.03,-0.1,5.59,-93.49,-47.17,-54.84,362.28,3.4,-95.6,362.28,0
1,0.09,-0.14,0.09,-0.14,-0.01,5.64,-92.9,-47.16,-54.86,362.28,3.45,-95.56,362.28,0
1,0.09,-0.15,0.09,-0.01,0.13,6.01,-93.29,-47.15,-54.86,362.3,3.51,-95.52,362.3,0
1.01,0.09,-0.14,-0.08,0.15,0.15,5.84,-93.2,-47.16,-54.84,362.31,3.55,-95.46,362.31,0
1.01,0.09,-0.14,0.01,0.15,0.07,5.67,-93.26,-47.16,-54.83,362.32,3.59,-95.4,362.32,0
1,0.09,-0.15,0.04,0.06,-0.01,5.83,-93.36,-47.16,-54.82,362.32,3.64,-95.35,362.32,0
1,0.09,-0.15,0.04,0.23,-0.08,5.76,-93.69,-47.15,-54.8,362.31,3.69,-95.3,362.31,0
0.99,0.09,-0.15,-0.17,-0.04,0.13,6.09,-93.57,-47.17,-54.8,362.32,3.72,-95.27,362.32,0
1,0.09,-0.14,-0.05,-0.12,0.04,5.96,-93.1,-47.17,-54.82,362.32,3.76,-95.24,362.32,0
1,0.08,-0.15,-0.03,0.05,-0.07,5.62,-93.52,-47.18,-54.81,362.32,3.8,-95.2,362.32,0
1,0.09,-0.14,-0.15,0.02,-0.13,6.24,-92.88,-47.19,-54.81,362.31,3.83,-95.15,362.31,0
1,0.09,-0.14,0.15,-0.09,0.18,5.86,-93.06,-47.18,-54.82,362.32,3.88,-95.12,362.32,0
1,0.09,-0.14,-0.06,0.11,0.1,5.78,-93.23,-47.18,-54.81,362.33,3.92,-95.07,362.33,0
1.01,0.09,-0.14,-0.12,-0.06,0.02,5.72,-92.79,-47.19,-54.81,362.33,3.94,-95.03,362.33,0
1,0.09,-0.14,0.07,-0.06,0.09,6.03,-92.6,-47.19,-54.82,362.34,3.99,-94.99,362.34,0
1,0.08,-0.14,0.03,0.08,-0.1,5.63,-93.3,-47.18,-54.81,362.33,4.03,-94.94,362.33,0
1,0.08,-0.14,0.06,-0.07,0.12,5.24,-93.5,-47.18,-54.82,362.34,4.06,-94.92,362.34,0
1,0.09,-0.15,0.04,0.2,0.04,6.22,-93.13,-47.19,-54.79,362.35,4.16,-94.78,362.35,0
1,0.08,-0.14,0.1,-0.23,-0.13,5.42,-93.33,-47.18,-54.81,362.34,4.2,-94.78,362.34,0
1,0.1,-0.15,-0.03,0.09,0.1,6.47,-92.95,-47.18,-54.8,362.35,4.24,-94.73,362.35,0
1,0.08,-0.14,-0.19,-0.14,-0.08,5.24,-93.34,-47.2,-54.82,362.34,4.24,-94.72,362.34,0
1.01,0.1,-0.15,0.04,0.22,0.13,6.42,-92.73,-47.19,-54.8,362.35,4.29,-94.65,362.35,0
1.01,0.08,-0.14,0.07,-0.09,0.25,5.36,-93.43,-47.19,-54.81,362.38,4.32,-94.64,362.38,0
1,0.09,-0.14,0.26,-0.06,0.02,6.04,-92.73,-47.16,-54.81,362.38,4.38,-94.61,362.38,0
1,0.09,-0.15,0.1,0.02,-0.16,5.97,-93.69,-47.15,-54.81,362.37,4.42,-94.59,362.37,0
1,0.08,-0.15,0.06,0.09,0.09,5.67,-93.52,-47.15,-54.8,362.37,4.45,-94.56,362.37,0
1,0.09,-0.14,-0.05,0.02,-0.01,6.05,-93.08,-47.15,-54.8,362.37,4.48,-94.53,362.37,0
1,0.09,-0.15,0.06,0.08,-0.1,5.99,-93.49,-47.15,-54.79,362.36,4.51,-94.5,362.36,0
1.01,0.09,-0.15,-0.03,0.26,0.06,6.15,-93.13,-47.15,-54.77,362.37,4.54,-94.45,362.37,0
1,0.09,-0.14,-0.02,-0.09,-0.01,5.73,-93.32,-47.15,-54.78,362.37,4.56,-94.43,362.37,0
1,0.08,-0.15,0.18,-0.14,0.09,5.57,-93.82,-47.13,-54.79,362.38,4.6,-94.43,362.38,0
1,0.08,-0.14,0.14,0.09,0.04,5.54,-93.29,-47.12,-54.78,362.38,4.63,-94.4,362.38,0
1.01,0.09,-0.15,0.06,0.22,-0.01,5.85,-93.25,-47.11,-54.76,362.38,4.66,-94.36,362.38,0
1,0.09,-0.15,-0.03,-0.09,0.02,5.75,-93.65,-47.12,-54.77,362.38,4.68,-94.35,362.38,0
1.01,0.09,-0.16,0.01,0.18,0.18,6.23,-93.52,-47.12,-54.75,362.4,4.71,-94.32,362.4,0
0.99,0.08,-0.13,0.17,-0.14,-0.11,5.02,-93.14,-47.1,-54.76,362.39,4.73,-94.31,362.39,0
1.01,0.09,-0.16,-0.08,0.05,-0.1,5.86,-93.87,-47.11,-54.76,362.38,4.75,-94.29,362.38,0
1,0.07,-0.14,0.17,-0.07,0.09,4.9,-93.95,-47.09,-54.77,362.39,4.77,-94.29,362.39,0
1.01,0.09,-0.15,0.04,-0.17,-0.05,6.17,-93.4,-47.09,-54.78,362.38,4.8,-94.29,362.38,0
1,0.08,-0.14,0.03,0.03,-0.11,5.41,-93.39,-47.09,-54.78,362.37,4.81,-94.27,362.37,0
1,0.1,-0.15,0.03,0.29,0.21,6.93,-92.76,-47.08,-54.75,362.39,4.86,-94.21,362.39,0
1,0.09,-0.14,0.06,0.23,0.13,5.82,-92.72,-47.09,-54.74,362.4,4.91,-94.14,362.4,0
1,0.09,-0.14,-0.12,-0.23,-0.05,5.72,-92.83,-47.1,-54.76,362.39,4.91,-94.13,362.39,0
1.01,0.09,-0.14,0.03,0.02,0.04,5.95,-92.65,-47.1,-54.76,362.4,4.94,-94.1,362.4,0
1,0.08,-0.14,-0.15,-0.15,0.01,5.63,-93.42,-47.12,-54.78,362.4,4.94,-94.1,362.4,0
1.01,0.09,-0.16,0.1,0.12,0.01,6.06,-93.84,-47.11,-54.77,362.4,4.97,-94.09,362.4,0
1.01,0.09,-0.14,-0.02,0.11,0.12,5.9,-93,-47.11,-54.75,362.41,4.98,-94.05,362.41,0
0.99,0.08,-0.14,0.03,-0.15,0.06,5.5,-93.52,-47.1,-54.77,362.42,5,-94.06,362.42,0
1.01,0.08,-0.15,-0.11,-0.14,0.16,5.21,-93.95,-47.11,-54.78,362.43,4.99,-94.07,362.43,0
1,0.09,-0.16,-0.05,0.06,0.04,5.96,-94.08,-47.12,-54.78,362.43,5.01,-94.06,362.43,0
1,0.08,-0.14,0.09,-0.03,0.09,5.58,-93.17,-47.11,-54.78,362.44,5.03,-94.05,362.44,0
1,0.1,-0.14,-0.02,-0.07,0.13,6.47,-92.73,-47.11,-54.79,362.46,5.05,-94.03,362.46,0
0.97,0.1,-0.14,-0.02,-0.52,0.01,6.71,-92.63,-47.11,-54.83,362.46,5.09,-94.05,362.46,0
0.99,0.09,-0.14,0.01,0.11,0.27,5.89,-92.93,-47.11,-54.82,362.48,5.1,-94.02,362.48,0
0.98,0.09,-0.15,-0.15,-0.11,-0.13,6.47,-92.92,-47.13,-54.83,362.47,5.12,-94,362.47,0
1,0.09,-0.13,-0.22,0,0.12,5.66,-92.7,-47.15,-54.83,362.48,5.11,-93.98,362.48,0
1,0.09,-0.15,-0.12,-0.01,0.01,6.18,-93.25,-47.16,-54.84,362.48,5.12,-93.96,362.48,0
1,0.09,-0.14,-0.12,0.03,-0.1,5.98,-92.93,-47.17,-54.83,362.47,5.12,-93.94,362.47,0
0.99,0.08,-0.15,-0.02,-0.26,0.02,5.47,-93.82,-47.17,-54.86,362.48,5.13,-93.96,362.48,0
1.06,0.09,-0.16,-0.11,0.18,0.02,5.93,-93.47,-47.18,-54.84,362.48,5.13,-93.93,362.48,0
1.01,0.07,-0.14,0,-0.09,0.13,4.64,-93.84,-47.18,-54.85,362.49,5.12,-93.94,362.49,0
1,0.08,-0.15,-0.06,-0.04,-0.08,5.33,-94.14,-47.19,-54.85,362.48,5.12,-93.95,362.48,0
0.98,0.09,-0.13,-0.15,0.05,0.13,6.19,-92.28,-47.21,-54.85,362.5,5.13,-93.91,362.5,0
1,0.09,-0.14,0.09,-0.17,-0.19,5.74,-93.1,-47.2,-54.86,362.48,5.15,-93.91,362.48,0
1,0.09,-0.14,-0.05,-0.04,0.02,6.27,-92.87,-47.2,-54.87,362.48,5.17,-93.89,362.48,0
1,0.09,-0.14,-0.05,0.2,0.1,5.75,-93.04,-47.17,-54.86,362.48,5.24,-93.8,362.48,0
1,0.09,-0.15,0.07,-0.01,0.07,5.86,-93.35,-47.16,-54.86,362.49,5.26,-93.8,362.49,0
1,0.08,-0.15,-0.05,-0.12,-0.02,5.58,-93.54,-47.17,-54.87,362.48,5.26,-93.8,362.48,0
0.99,0.08,-0.14,0.09,-0.07,-0.02,5.48,-93.44,-47.16,-54.88,362.48,5.27,-93.8,362.48,0
1.01,0.08,-0.16,0.09,-0.09,-0.05,5.6,-94.33,-47.15,-54.89,362.48,5.29,-93.82,362.48,0
1,0.08,-0.14,-0.08,0.12,0.15,5.42,-93.4,-47.16,-54.88,362.49,5.28,-93.8,362.49,0
0.99,0.08,-0.15,-0.03,0.02,0.16,5.53,-93.61,-47.16,-54.87,362.51,5.29,-93.8,362.51,0
0.97,0.09,-0.16,-0.02,-0.11,-0.33,6.16,-94.21,-47.16,-54.88,362.48,5.3,-93.81,362.48,0
0.98,0.09,-0.15,-0.14,0.15,0.07,6.48,-93.45,-47.18,-54.87,362.48,5.31,-93.79,362.48,0
1.01,0.07,-0.13,-0.05,-0.14,-0.07,4.7,-93.34,-47.18,-54.88,362.48,5.3,-93.8,362.48,0
1.02,0.1,-0.16,-0.19,-0.14,0.22,6.82,-93.26,-47.2,-54.9,362.5,5.31,-93.8,362.5,0
1,0.08,-0.13,0.32,0.11,0.12,5.05,-93.19,-47.17,-54.89,362.51,5.33,-93.78,362.51,0
1,0.1,-0.17,0.04,0.15,0.12,6.58,-94.12,-47.17,-54.87,362.52,5.36,-93.77,362.52,0
1,0.08,-0.15,0.07,-0.04,0.01,5.42,-93.7,-47.16,-54.87,362.52,5.37,-93.77,362.52,0
1.01,0.08,-0.14,-0.03,-0.06,-0.05,5.5,-93.18,-47.16,-54.88,362.51,5.37,-93.76,362.51,0
1.01,0.09,-0.14,0.17,0.11,-0.14,5.83,-92.81,-47.15,-54.87,362.5,5.39,-93.74,362.5,0
1,0.09,-0.14,-0.02,-0.14,-0.05,5.85,-93.26,-47.15,-54.88,362.5,5.4,-93.74,362.5,0
1,0.09,-0.15,0.04,-0.07,-0.04,5.75,-93.57,-47.14,-54.89,362.49,5.41,-93.74,362.49,0
1,0.08,-0.14,-0.08,-0.04,-0.05,5.48,-93.38,-47.15,-54.89,362.49,5.41,-93.74,362.49,0
1,0.09,-0.15,-0.08,-0.04,-0.08,5.88,-93.28,-47.16,-54.9,362.48,5.41,-93.73,362.48,0
1,0.08,-0.14,0.14,-0.03,0.06,5.46,-93.59,-47.15,-54.9,362.49,5.42,-93.73,362.49,0
0.99,0.09,-0.16,0,0.12,-0.07,6.12,-93.78,-47.15,-54.89,362.48,5.44,-93.72,362.48,0
1.01,0.08,-0.14,0.01,0.08,0.1,5.47,-93.4,-47.14,-54.88,362.49,5.44,-93.71,362.49,0
1,0.09,-0.15,-0.08,-0.09,0.01,5.91,-93.26,-47.15,-54.89,362.49,5.44,-93.71,362.49,0
0.99,0.09,-0.15,0.43,0.28,0.53,6.22,-93.22,-47.12,-54.9,362.48,5.49,-93.69,362.48,0
0.97,0.07,-0.13,-0.14,-0.15,-0.31,4.89,-93.57,-47.13,-54.91,362.45,5.46,-93.7,362.45,0
0.99,0.11,-0.16,-0.03,0.15,0.22,7.49,-92.78,-47.14,-54.9,362.47,5.5,-93.67,362.47,0
1.02,0.07,-0.12,-0.09,-0.04,0.02,4.54,-93.01,-47.14,-54.9,362.47,5.47,-93.66,362.47,0
1.01,0.1,-0.15,0.2,-0.04,-0.05,6.96,-92.42,-47.13,-54.91,362.46,5.52,-93.64,362.46,0
1,0.09,-0.14,0.07,0.17,0.27,5.9,-92.85,-47.12,-54.89,362.49,5.54,-93.61,362.49,0
0.99,0.09,-0.14,0.03,-0.03,-0.36,5.71,-93,-47.12,-54.89,362.46,5.54,-93.6,362.46,0
1,0.1,-0.15,0.06,-0.04,0.09,6.84,-92.94,-47.11,-54.9,362.47,5.57,-93.59,362.47,0
0.99,0.07,-0.13,0.07,-0.11,0.04,4.72,-93.36,-47.1,-54.91,362.47,5.56,-93.6,362.47,0
1,0.09,-0.16,-0.14,0.18,-0.04,6.25,-93.6,-47.12,-54.89,362.47,5.56,-93.58,362.47,0
1,0.08,-0.14,-0.06,0.02,0.09,5.22,-93.8,-47.12,-54.89,362.47,5.55,-93.58,362.47,0
1.01,0.09,-0.16,-0.11,-0.01,-0.17,6.04,-93.7,-47.13,-54.89,362.46,5.55,-93.59,362.46,0
1,0.08,-0.15,-0.02,-0.15,0.12,5.45,-93.83,-47.13,-54.91,362.47,5.55,-93.6,362.47,0
1,0.08,-0.14,-0.03,0.03,-0.07,5.26,-93.56,-47.14,-54.9,362.46,5.54,-93.6,362.46,0
1,0.09,-0.15,0.06,-0.01,0.15,6.15,-93.67,-47.13,-54.9,362.48,5.56,-93.6,362.48,0
1,0.08,-0.14,0.04,0.02,-0.16,5.21,-93.63,-47.13,-54.9,362.46,5.55,-93.6,362.46,0
1.01,0.09,-0.15,-0.03,0.12,-0.17,5.93,-93.35,-47.13,-54.89,362.44,5.56,-93.59,362.44,0
0.97,0.08,-0.14,-0.05,0.11,0.02,5.2,-93.66,-47.14,-54.88,362.45,5.55,-93.58,362.45,0
1.03,0.1,-0.14,-0.08,-0.12,-0.08,6.37,-92.45,-47.14,-54.89,362.44,5.55,-93.57,362.44,0
1.02,0.09,-0.14,0.23,-0.03,0.18,5.62,-92.82,-47.12,-54.89,362.46,5.58,-93.55,362.46,0
1.01,0.09,-0.14,-0.03,0.02,-0.24,5.72,-93.12,-47.12,-54.89,362.43,5.58,-93.54,362.43,0
1,0.09,-0.15,-0.03,0.05,0.06,5.87,-93.72,-47.13,-54.89,362.44,5.58,-93.54,362.44,0
1,0.09,-0.15,0,-0.14,0.02,5.88,-93.49,-47.13,-54.9,362.44,5.59,-93.55,362.44,0
1,0.09,-0.16,0.07,-0.03,0.06,6.08,-93.79,-47.12,-54.9,362.45,5.6,-93.56,362.45,0
1,0.09,-0.15,0.01,-0.12,-0.04,5.78,-93.36,-47.13,-54.93,362.46,5.59,-93.58,362.46,0
1,0.08,-0.15,0.04,-0.06,0.02,5.58,-93.88,-47.13,-54.93,362.46,5.59,-93.59,362.46,0
1,0.09,-0.15,0.1,0.06,0.16,5.85,-93.41,-47.12,-54.93,362.48,5.61,-93.58,362.48,0
1,0.08,-0.15,0.03,0.15,-0.14,5.46,-93.6,-47.11,-54.91,362.47,5.61,-93.57,362.47,0
1,0.09,-0.15,-0.09,0.02,-0.07,6.27,-93.12,-47.12,-54.91,362.46,5.61,-93.56,362.46,0
1,0.09,-0.14,-0.02,0.03,-0.04,6.09,-92.92,-47.12,-54.91,362.46,5.62,-93.54,362.46,0
1,0.08,-0.15,0,-0.2,-0.05,5.63,-93.5,-47.13,-54.93,362.45,5.62,-93.56,362.45,0
1.01,0.08,-0.14,0.06,-0.2,0.21,5.48,-93.43,-47.12,-54.95,362.47,5.62,-93.58,362.47,0
1,0.09,-0.15,0.04,-0.03,-0.13,5.92,-93.69,-47.12,-54.95,362.46,5.63,-93.58,362.46,0
1,0.09,-0.14,-0.14,0.12,-0.04,5.92,-93.08,-47.13,-54.94,362.45,5.63,-93.56,362.45,0
1,0.09,-0.14,-0.08,0.15,0.16,5.71,-93.07,-47.14,-54.92,362.47,5.62,-93.54,362.47,0
1,0.09,-0.15,-0.08,-0.01,0.1,5.78,-93.31,-47.14,-54.92,362.48,5.62,-93.53,362.48,0
1,0.08,-0.15,0.17,-0.06,-0.11,5.33,-93.88,-47.13,-54.93,362.47,5.63,-93.55,362.47,0
1,0.09,-0.15,0.17,0.08,-0.13,5.78,-93.5,-47.11,-54.92,362.46,5.64,-93.54,362.46,0
1,0.09,-0.15,0.12,-0.15,0.1,5.77,-93.37,-47.1,-54.94,362.47,5.66,-93.55,362.47,0
1.01,0.09,-0.15,-0.03,0.2,-0.05,5.81,-93.24,-47.1,-54.92,362.46,5.66,-93.52,362.46,0
1,0.09,-0.15,-0.02,0.02,0.07,6.14,-93.23,-47.11,-54.92,362.47,5.67,-93.52,362.47,0
1,0.09,-0.14,0.04,-0.11,-0.14,5.65,-93.18,-47.1,-54.93,362.45,5.67,-93.52,362.45,0
1,0.09,-0.15,-0.09,-0.18,-0.02,5.82,-93.47,-47.11,-54.94,362.45,5.66,-93.53,362.45,0
1,0.09,-0.15,0.06,-0.03,-0.05,5.81,-93.5,-47.1,-54.95,362.45,5.67,-93.54,362.45,0
1,0.09,-0.15,-0.11,-0.11,0.01,5.96,-93.45,-47.11,-54.96,362.45,5.67,-93.54,362.45,0
0.99,0.09,-0.14,-0.02,-0.11,-0.14,5.83,-93.37,-47.12,-54.97,362.43,5.67,-93.55,362.43,0
1.01,0.08,-0.15,0.24,-0.03,-0.01,5.54,-93.65,-47.09,-54.97,362.43,5.69,-93.56,362.43,0
1,0.09,-0.14,0.01,0.12,0.04,5.94,-92.97,-47.09,-54.96,362.44,5.7,-93.53,362.44,0
1,0.09,-0.14,-0.02,0.06,-0.13,6.09,-92.71,-47.09,-54.95,362.43,5.7,-93.51,362.43,0
1,0.08,-0.14,-0.14,0.17,-0.07,5.51,-93.13,-47.11,-54.94,362.42,5.69,-93.49,362.42,0
1,0.09,-0.15,-0.05,0.09,0.13,5.85,-93.7,-46.98,-54.99,362.1,5.8,-93.36,362.1,0
1,0.09,-0.15,0.12,0.23,-0.02,5.91,-93.57,-46.97,-54.97,362.1,5.82,-93.34,362.1,0
1,0.08,-0.15,0.12,0.15,-0.07,5.56,-93.72,-46.96,-54.95,362.1,5.82,-93.34,362.1,0
1,0.08,-0.14,-0.03,-0.06,0.02,5.51,-93.31,-46.96,-54.96,362.1,5.81,-93.34,362.1,0
1,0.08,-0.15,0,0.12,0.09,5.48,-93.59,-46.96,-54.95,362.11,5.81,-93.34,362.11,0
1.01,0.09,-0.15,-0.09,-0.09,-0.19,5.86,-93.6,-46.97,-54.95,362.09,5.8,-93.35,362.09,0
1,0.09,-0.16,0.04,-0.06,0.1,5.93,-94.04,-46.97,-54.96,362.1,5.8,-93.37,362.1,0
1,0.08,-0.14,0.03,0.15,-0.08,5.6,-93.33,-46.97,-54.95,362.09,5.8,-93.35,362.09,0
1.01,0.08,-0.14,-0.09,0.02,-0.07,5.57,-93.26,-46.98,-54.94,362.08,5.79,-93.35,362.08,0
1.01,0.09,-0.14,-0.11,-0.07,-0.1,5.7,-92.92,-46.99,-54.95,362.08,5.78,-93.35,362.08,0
1,0.09,-0.15,-0.08,0.25,-0.04,5.76,-93.45,-46.99,-54.93,362.07,5.77,-93.33,362.07,0
1,0.09,-0.14,-0.03,-0.11,-0.11,5.73,-93.03,-47,-54.94,362.06,5.77,-93.33,362.06,0
1,0.09,-0.15,-0.02,-0.03,0.13,6.06,-93.37,-47,-54.94,362.07,5.77,-93.34,362.07,0
1.01,0.08,-0.15,-0.02,0.12,0.13,5.35,-93.63,-47,-54.93,362.09,5.76,-93.33,362.09,0
1,0.09,-0.14,-0.03,-0.07,-0.1,5.85,-92.98,-47,-54.94,362.08,5.76,-93.33,362.08,0
1,0.09,-0.14,0.01,0.17,0.06,5.84,-93.01,-47,-54.92,362.08,5.76,-93.31,362.08,0
1,0.09,-0.13,0.1,-0.18,-0.05,5.89,-92.35,-46.99,-54.94,362.08,5.77,-93.3,362.08,0
1.01,0.1,-0.16,0,0.18,-0.08,6.51,-93.74,-46.99,-54.92,362.07,5.79,-93.3,362.07,0
1,0.07,-0.14,0.14,0.03,0.04,4.91,-93.5,-46.98,-54.92,362.07,5.78,-93.3,362.07,0
1.01,0.09,-0.16,-0.09,-0.17,-0.13,5.79,-94,-46.99,-54.93,362.06,5.78,-93.33,362.06,0
1.01,0.08,-0.15,-0.03,0.05,0.1,5.08,-94.39,-46.99,-54.93,362.07,5.76,-93.34,362.07,0
1,0.08,-0.15,0.07,0.09,-0.28,5.15,-94.16,-46.98,-54.92,362.05,5.75,-93.35,362.05,0
1,0.08,-0.16,-0.19,0.15,-0.07,5.73,-94.54,-47,-54.9,362.04,5.74,-93.36,362.04,0
1,0.07,-0.15,-0.11,0.03,-0.07,4.88,-94.13,-47.01,-54.9,362.03,5.71,-93.37,362.03,0
1.04,0.14,-0.19,1.02,1.73,0.74,9.22,-92.81,-46.85,-54.71,362.06,6.14,-93.18,362.06,0
1,0.06,-0.1,-0.89,0.17,0.25,3.63,-92.22,-46.94,-54.69,362.09,6,-93.15,362.09,0
0.98,0.11,-0.13,0.46,-0.38,-0.28,7.32,-91.25,-46.89,-54.73,362.06,6.07,-93.15,362.06,0
1.03,0.13,-0.15,-0.11,0.12,0.07,8.25,-91.3,-46.9,-54.72,362.07,6.11,-93.1,362.07,0
1,0.07,-0.1,0.18,0.08,-0.02,4.56,-91.84,-46.89,-54.71,362.06,6.09,-93.06,362.06,0
1,0.13,-0.16,-0.19,-0.26,-0.13,8.5,-91.79,-46.9,-54.73,362.05,6.12,-93.06,362.05,0
0.99,0.09,-0.12,0.24,0.29,0.45,5.75,-92.07,-46.88,-54.71,362.1,6.14,-93.02,362.1,0
1,0.08,-0.14,-0.28,-0.17,-0.3,5.45,-93.17,-46.91,-54.72,362.07,6.1,-93.03,362.07,0
1.01,0.1,-0.15,0.12,0.43,0.31,7,-92.79,-46.89,-54.68,362.1,6.13,-92.99,362.1,0
0.99,0.06,-0.13,-0.06,-0.09,-0.04,3.83,-94.37,-46.9,-54.69,362.1,6.08,-93.02,362.1,0
1.01,0.1,-0.17,-0.09,0.18,0.1,6.86,-93.72,-46.91,-54.67,362.11,6.08,-93.02,362.11,0
0.99,0.07,-0.15,-0.03,0.06,0.18,4.53,-94.62,-46.91,-54.67,362.12,6.05,-93.05,362.12,0
1,0.08,-0.15,0,-0.03,-0.16,5.47,-93.9,-46.91,-54.67,362.11,6.04,-93.07,362.11,0
1.01,0.07,-0.16,0.18,0.09,0.24,4.92,-94.98,-46.9,-54.66,362.13,6.03,-93.1,362.13,0
1,0.08,-0.15,0.06,-0.17,0.04,5.12,-94.02,-46.89,-54.67,362.13,6.02,-93.13,362.13,0
1.01,0.09,-0.16,0.12,-0.09,0.07,6.27,-93.52,-46.88,-54.68,362.14,6.04,-93.15,362.14,0
1,0.07,-0.13,-0.05,0.09,-0.01,4.91,-93.39,-46.88,-54.67,362.14,6.01,-93.14,362.14,0
1,0.1,-0.15,-0.05,0.09,-0.01,6.41,-93.07,-46.89,-54.67,362.14,6.01,-93.13,362.14,0
1,0.09,-0.14,0.06,0.02,0.04,5.75,-93.06,-46.88,-54.66,362.14,6.01,-93.13,362.14,0
1,0.09,-0.14,-0.23,-0.24,0.02,5.92,-93.07,-46.9,-54.69,362.15,5.99,-93.15,362.15,0
1,0.1,-0.14,-0.02,0.12,0.15,6.43,-92.15,-46.91,-54.67,362.16,6,-93.12,362.16,0
1,0.09,-0.14,0.04,-0.11,0.04,6.19,-92.8,-46.9,-54.68,362.16,6.01,-93.12,362.16,0
1.01,0.1,-0.15,-0.03,0.06,-0.08,6.58,-92.9,-46.9,-54.68,362.16,6.01,-93.11,362.16,0
0.99,0.08,-0.14,-0.06,0,-0.04,5.57,-92.97,-46.91,-54.68,362.15,6,-93.11,362.15,0
1,0.09,-0.14,-0.14,-0.41,0.12,5.99,-93.11,-46.92,-54.74,362.14,6.01,-93.18,362.14,0
1,0.08,-0.14,0.01,-0.18,-0.14,5.42,-93.64,-46.91,-54.76,362.12,6,-93.21,362.12,0
1.01,0.09,-0.16,0.01,0.15,-0.04,5.84,-93.98,-46.91,-54.75,362.12,5.99,-93.21,362.12,0
1.01,0.08,-0.14,-0.02,0.17,-0.04,5.33,-93.38,-46.91,-54.73,362.12,5.98,-93.2,362.12,0
1,0.09,-0.16,0.1,-0.07,-0.04,5.83,-93.95,-46.9,-54.74,362.11,5.99,-93.22,362.11,0
1,0.09,-0.15,-0.11,0.29,0.09,6.19,-93.48,-46.92,-54.71,362.12,5.98,-93.2,362.12,0
1,0.08,-0.15,0.01,-0.09,-0.31,5.55,-93.73,-46.91,-54.72,362.09,5.97,-93.22,362.09,0
1,0.09,-0.14,0.09,0.05,0.07,5.74,-93.38,-46.91,-54.71,362.1,5.98,-93.22,362.1,0
1,0.09,-0.15,0.12,0.06,-0.07,6.11,-93.36,-46.89,-54.71,362.09,5.99,-93.21,362.09,0
1,0.09,-0.15,0.15,-0.17,-0.2,6.26,-92.91,-46.88,-54.72,362.07,6.01,-93.22,362.07,0
1,0.08,-0.14,0.06,-0.46,-0.11,5.62,-93.06,-46.87,-54.77,362.06,6.01,-93.26,362.06,0
1.01,0.06,-0.17,28.91,-0.46,2.1,4.44,-96.15,-44.13,-54.81,362.26,8.67,-93.36,362.26,0
1.01,0.07,-0.17,4.17,0.31,0.28,4.97,-95.24,-43.73,-54.78,362.29,8.99,-93.37,362.29,0
